/*
SQLyog Ultimate v12.4.3 (64 bit)
MySQL - 10.1.38-MariaDB : Database - db
*********************************************************************
*/

/*!40101 SET NAMES utf8 */;

/*!40101 SET SQL_MODE=''*/;

/*!40014 SET @OLD_UNIQUE_CHECKS=@@UNIQUE_CHECKS, UNIQUE_CHECKS=0 */;
/*!40014 SET @OLD_FOREIGN_KEY_CHECKS=@@FOREIGN_KEY_CHECKS, FOREIGN_KEY_CHECKS=0 */;
/*!40101 SET @OLD_SQL_MODE=@@SQL_MODE, SQL_MODE='NO_AUTO_VALUE_ON_ZERO' */;
/*!40111 SET @OLD_SQL_NOTES=@@SQL_NOTES, SQL_NOTES=0 */;
CREATE DATABASE /*!32312 IF NOT EXISTS*/`db` /*!40100 DEFAULT CHARACTER SET utf8 */;

USE `db`;

/*Table structure for table `admin` */

DROP TABLE IF EXISTS `admin`;

CREATE TABLE `admin` (
  `id` int(11) NOT NULL AUTO_INCREMENT,
  `name` varchar(100) DEFAULT NULL,
  `pwd` varchar(100) DEFAULT NULL,
  `is_super` smallint(6) DEFAULT NULL,
  `role_id` int(11) DEFAULT NULL,
  `addTime` datetime DEFAULT NULL,
  PRIMARY KEY (`id`),
  UNIQUE KEY `name` (`name`),
  KEY `ix_admin_addTime` (`addTime`),
  KEY `admins` (`role_id`),
  CONSTRAINT `admins` FOREIGN KEY (`role_id`) REFERENCES `role` (`id`)
) ENGINE=InnoDB AUTO_INCREMENT=4 DEFAULT CHARSET=utf8;

/*Data for the table `admin` */

insert  into `admin`(`id`,`name`,`pwd`,`is_super`,`role_id`,`addTime`) values 
(1,'imoocmovie','pbkdf2:sha256:150000$6FYkN5yQ$87bea5ff33088d63e5e5397b4555c8c8b5e3d039892a1ce6a4cfe5515e8773f2',0,1,'2019-08-15 08:30:48'),
(2,'imoocmovie1','pbkdf2:sha256:150000$sGtFDPZl$f1e990dea6d08723fb85f5334372385193e33b7b5e5f25b6d504b953eb7cd68e',0,1,'2019-08-15 16:33:51'),
(3,'admin','pbkdf2:sha256:150000$l2Lkejbc$fcd8b68dccd7576f2ebc0e23178df30f5668e843e8a83906d0652e8fd291942e',NULL,2,'2019-08-18 21:31:35');

/*Table structure for table `admin_log` */

DROP TABLE IF EXISTS `admin_log`;

CREATE TABLE `admin_log` (
  `id` int(11) NOT NULL AUTO_INCREMENT,
  `admin_id` int(11) DEFAULT NULL,
  `ip` varchar(100) DEFAULT NULL,
  `addTime` datetime DEFAULT NULL,
  PRIMARY KEY (`id`),
  KEY `admin_id` (`admin_id`),
  KEY `ix_admin_log_addTime` (`addTime`),
  CONSTRAINT `admin_log_ibfk_1` FOREIGN KEY (`admin_id`) REFERENCES `admin` (`id`)
) ENGINE=InnoDB AUTO_INCREMENT=18 DEFAULT CHARSET=utf8;

/*Data for the table `admin_log` */

insert  into `admin_log`(`id`,`admin_id`,`ip`,`addTime`) values 
(1,1,'127.0.0.1','2019-08-18 14:37:36'),
(2,1,'127.0.0.1','2019-08-18 14:37:42'),
(3,1,'127.0.0.1','2019-08-18 14:37:47'),
(4,1,'127.0.0.1','2019-08-18 21:29:40'),
(5,3,'127.0.0.1','2019-08-19 09:39:37'),
(6,3,'127.0.0.1','2019-08-19 09:44:00'),
(7,1,'127.0.0.1','2019-08-19 09:44:32'),
(8,3,'127.0.0.1','2019-08-19 09:48:47'),
(9,1,'127.0.0.1','2019-08-19 16:20:54'),
(10,1,'127.0.0.1','2019-08-20 09:55:47'),
(11,1,'127.0.0.1','2019-08-20 16:17:53'),
(12,1,'127.0.0.1','2019-08-28 18:23:38'),
(13,1,'127.0.0.1','2019-09-10 23:15:05'),
(14,3,'127.0.0.1','2020-02-17 00:20:35'),
(15,3,'127.0.0.1','2020-02-21 22:26:21'),
(16,3,'127.0.0.1','2020-02-21 22:27:46'),
(17,3,'127.0.0.1','2020-02-21 23:17:56');

/*Table structure for table `article` */

DROP TABLE IF EXISTS `article`;

CREATE TABLE `article` (
  `id` int(11) NOT NULL AUTO_INCREMENT,
  `title` varchar(100) NOT NULL,
  `content` text NOT NULL,
  PRIMARY KEY (`id`)
) ENGINE=InnoDB DEFAULT CHARSET=utf8;

/*Data for the table `article` */

/*Table structure for table `auth` */

DROP TABLE IF EXISTS `auth`;

CREATE TABLE `auth` (
  `id` int(11) NOT NULL AUTO_INCREMENT,
  `name` varchar(100) DEFAULT NULL,
  `url` varchar(255) DEFAULT NULL,
  `addTime` datetime DEFAULT NULL,
  PRIMARY KEY (`id`),
  UNIQUE KEY `name` (`name`),
  UNIQUE KEY `url` (`url`),
  KEY `ix_auth_addTime` (`addTime`)
) ENGINE=InnoDB AUTO_INCREMENT=7 DEFAULT CHARSET=utf8;

/*Data for the table `auth` */

insert  into `auth`(`id`,`name`,`url`,`addTime`) values 
(1,'添加标签','/admin/tag/add/','2019-08-18 15:49:10'),
(2,'编辑标签','/admin/tag/edit/<int:id>/','2019-08-18 15:51:18'),
(4,'添加电影','/admin/movie/add/','2019-08-18 15:52:24'),
(6,'删除电影','/admin/movie/del/<int:id>/','2019-08-18 16:12:12');

/*Table structure for table `comment` */

DROP TABLE IF EXISTS `comment`;

CREATE TABLE `comment` (
  `id` int(11) NOT NULL AUTO_INCREMENT,
  `content` text,
  `movie_id` int(11) DEFAULT NULL,
  `user_id` int(11) DEFAULT NULL,
  `addTime` datetime DEFAULT NULL,
  PRIMARY KEY (`id`),
  KEY `movie_id` (`movie_id`),
  KEY `user_id` (`user_id`),
  KEY `ix_comment_addTime` (`addTime`),
  CONSTRAINT `comment_ibfk_1` FOREIGN KEY (`movie_id`) REFERENCES `movie` (`id`),
  CONSTRAINT `comment_ibfk_2` FOREIGN KEY (`user_id`) REFERENCES `user` (`id`)
) ENGINE=InnoDB AUTO_INCREMENT=40 DEFAULT CHARSET=utf8;

/*Data for the table `comment` */

insert  into `comment`(`id`,`content`,`movie_id`,`user_id`,`addTime`) values 
(1,'好看',1,1,'2019-08-18 11:55:39'),
(2,'震撼',2,7,'2019-08-07 11:56:09'),
(4,'可以可以',2,9,'2019-08-15 11:57:05'),
(7,'测试评论2',2,13,'2019-08-19 23:14:40'),
(8,'very good',1,13,'2019-08-20 00:00:44'),
(9,'☺',1,13,'2019-08-20 00:02:47'),
(10,'测试评论',1,13,'2019-08-20 00:31:58'),
(11,'一楼',1,13,'2019-08-20 00:34:01'),
(12,'真好看',1,13,'2019-08-20 10:13:56'),
(13,'一楼',3,13,'2019-08-20 10:14:31'),
(14,'真好看',2,13,'2019-08-20 12:59:12'),
(15,'的手法首发',5,13,'2019-08-25 12:19:45'),
(16,'s\'d',5,13,'2019-08-25 12:19:48'),
(17,'胜多负少',5,13,'2019-08-25 12:19:51'),
(18,'士大夫',5,13,'2019-08-25 12:19:54'),
(19,'士大夫',5,13,'2019-08-25 12:19:56'),
(20,'为',5,13,'2019-08-25 12:20:00'),
(21,'1',5,13,'2019-08-25 12:20:03'),
(22,'2',5,13,'2019-08-25 12:20:06'),
(23,'2',5,13,'2019-08-25 12:20:08'),
(24,'3',5,13,'2019-08-25 12:20:11'),
(25,'4',5,13,'2019-08-25 12:20:14'),
(26,'5',5,13,'2019-08-25 12:20:17'),
(27,'453453',5,13,'2019-08-25 12:20:25'),
(28,'3453',5,13,'2019-08-25 12:20:27'),
(29,'3453',5,13,'2019-08-25 12:20:30'),
(30,'3453',5,13,'2019-08-25 12:20:33'),
(31,'343',5,13,'2019-08-25 12:20:36'),
(32,'3453453',3,13,'2019-08-25 12:20:59'),
(33,'345',3,13,'2019-08-25 12:21:01'),
(34,'5',3,13,'2019-08-25 12:21:04'),
(35,'4',3,13,'2019-08-25 12:21:07'),
(36,'5',3,13,'2019-08-25 12:21:10'),
(37,'7',3,13,'2019-08-25 12:21:13'),
(38,'8',3,13,'2019-08-25 12:21:16'),
(39,'真几把好看',6,13,'2019-08-28 20:52:45');

/*Table structure for table `image` */

DROP TABLE IF EXISTS `image`;

CREATE TABLE `image` (
  `id` int(11) NOT NULL AUTO_INCREMENT,
  `name` varchar(255) DEFAULT NULL,
  `imageUrl` varchar(255) DEFAULT NULL,
  PRIMARY KEY (`id`)
) ENGINE=InnoDB AUTO_INCREMENT=2731 DEFAULT CHARSET=utf8;

/*Data for the table `image` */

insert  into `image`(`id`,`name`,`imageUrl`) values 
(1503,'å½äº§åæ°å°å¥³çç¾æ¸æ°æ°è´¨ç¾å¥³åç','http://i1.whymtj.com/uploads/tu/201812/9999/0fd3149dfe.jpg'),
(1504,'å½äº§åæ°å°å¥³çç¾æ¸æ°æ°è´¨ç¾å¥³åç','http://i1.whymtj.com/uploads/tu/201812/9999/2c656117ae.jpg'),
(1505,'å½äº§åæ°å°å¥³çç¾æ¸æ°æ°è´¨ç¾å¥³åç','http://i1.whymtj.com/uploads/tu/201812/9999/f1337610b6.jpg'),
(1506,'å½äº§åæ°å°å¥³çç¾æ¸æ°æ°è´¨ç¾å¥³åç','http://i1.whymtj.com/uploads/tu/201812/9999/4ee160d3e1.jpg'),
(1507,'å½äº§åæ°å°å¥³çç¾æ¸æ°æ°è´¨ç¾å¥³åç','http://i1.whymtj.com/uploads/tu/201812/9999/33003e92e8.jpg'),
(1508,'å½äº§åæ°å°å¥³çç¾æ¸æ°æ°è´¨ç¾å¥³åç','http://i1.whymtj.com/uploads/tu/201812/9999/3cd47e88b7.jpg'),
(1509,'å½äº§åæ°å°å¥³çç¾æ¸æ°æ°è´¨ç¾å¥³åç','http://i1.whymtj.com/uploads/tu/201812/9999/d83e8356ed.jpg'),
(1510,'å½äº§åæ°å°å¥³çç¾æ¸æ°æ°è´¨ç¾å¥³åç','http://i1.whymtj.com/uploads/tu/201812/9999/2c76c45d46.jpg'),
(1511,'æåäºæ´²å¤§é¿è¿ç¾å¥³æ¨¡ç¹å¦å¨è¯±äººæ§æåç','http://i1.whymtj.com/uploads/tu/201902/9999/a9ad454a08.jpg'),
(1512,'æåäºæ´²å¤§é¿è¿ç¾å¥³æ¨¡ç¹å¦å¨è¯±äººæ§æåç','http://i1.whymtj.com/uploads/tu/201902/9999/31f7857bfe.jpg'),
(1513,'æåäºæ´²å¤§é¿è¿ç¾å¥³æ¨¡ç¹å¦å¨è¯±äººæ§æåç','http://i1.whymtj.com/uploads/tu/201902/9999/1fd1964abc.jpg'),
(1514,'æåäºæ´²å¤§é¿è¿ç¾å¥³æ¨¡ç¹å¦å¨è¯±äººæ§æåç','http://i1.whymtj.com/uploads/tu/201902/9999/495d4e1d5b.jpg'),
(1515,'æåäºæ´²å¤§é¿è¿ç¾å¥³æ¨¡ç¹å¦å¨è¯±äººæ§æåç','http://i1.whymtj.com/uploads/tu/201902/9999/f5ed8735fb.jpg'),
(1516,'æåäºæ´²å¤§é¿è¿ç¾å¥³æ¨¡ç¹å¦å¨è¯±äººæ§æåç','http://i1.whymtj.com/uploads/tu/201902/9999/6c531438c0.jpg'),
(1517,'æåäºæ´²å¤§é¿è¿ç¾å¥³æ¨¡ç¹å¦å¨è¯±äººæ§æåç','http://i1.whymtj.com/uploads/tu/201902/9999/cd6fdf67d0.jpg'),
(1518,'æåäºæ´²å¤§é¿è¿ç¾å¥³æ¨¡ç¹å¦å¨è¯±äººæ§æåç','http://i1.whymtj.com/uploads/tu/201902/9999/238ae3f933.jpg'),
(1519,'æåäºæ´²å¤§é¿è¿ç¾å¥³æ¨¡ç¹å¦å¨è¯±äººæ§æåç','http://i1.whymtj.com/uploads/tu/201902/9999/f82aee4075.jpg'),
(1520,'æåäºæ´²å¤§é¿è¿ç¾å¥³æ¨¡ç¹å¦å¨è¯±äººæ§æåç','http://i1.whymtj.com/uploads/tu/201902/9999/78c0171ec9.jpg'),
(1521,'æåäºæ´²å¤§é¿è¿ç¾å¥³æ¨¡ç¹å¦å¨è¯±äººæ§æåç','http://i1.whymtj.com/uploads/tu/201902/9999/b30ebba198.jpg'),
(1522,'æåäºæ´²å¤§é¿è¿ç¾å¥³æ¨¡ç¹å¦å¨è¯±äººæ§æåç','http://i1.whymtj.com/uploads/tu/201902/9999/acd3c61cd5.jpg'),
(1523,'æåäºæ´²å¤§é¿è¿ç¾å¥³æ¨¡ç¹å¦å¨è¯±äººæ§æåç','http://i1.whymtj.com/uploads/tu/201902/9999/016f4b7242.jpg'),
(1524,'æåäºæ´²å¤§é¿è¿ç¾å¥³æ¨¡ç¹å¦å¨è¯±äººæ§æåç','http://i1.whymtj.com/uploads/tu/201902/9999/f04dfb1ed7.jpg'),
(1525,'æåäºæ´²å¤§é¿è¿ç¾å¥³æ¨¡ç¹å¦å¨è¯±äººæ§æåç','http://i1.whymtj.com/uploads/tu/201902/9999/ef03a4e728.jpg'),
(1526,'æåäºæ´²å¤§é¿è¿ç¾å¥³æ¨¡ç¹å¦å¨è¯±äººæ§æåç','http://i1.whymtj.com/uploads/tu/201902/9999/f49de5cec5.jpg'),
(1527,'å½åæ¸çº¯æ¨¡ç¹ç¾å¥³ææé²è±å¤§èå¯ç¾åç','http://i1.whymtj.com/uploads/tu/201812/9999/9268900d7e.jpg'),
(1528,'å½åæ¸çº¯æ¨¡ç¹ç¾å¥³ææé²è±å¤§èå¯ç¾åç','http://i1.whymtj.com/uploads/tu/201812/9999/152fa55b1c.jpg'),
(1529,'å½åæ¸çº¯æ¨¡ç¹ç¾å¥³ææé²è±å¤§èå¯ç¾åç','http://i1.whymtj.com/uploads/tu/201812/9999/2666c6b8f7.jpg'),
(1530,'å½åæ¸çº¯æ¨¡ç¹ç¾å¥³ææé²è±å¤§èå¯ç¾åç','http://i1.whymtj.com/uploads/tu/201812/9999/d11dc8bdce.jpg'),
(1531,'å½åæ¸çº¯æ¨¡ç¹ç¾å¥³ææé²è±å¤§èå¯ç¾åç','http://i1.whymtj.com/uploads/tu/201812/9999/714d11294e.jpg'),
(1532,'å½åæ¸çº¯æ¨¡ç¹ç¾å¥³ææé²è±å¤§èå¯ç¾åç','http://i1.whymtj.com/uploads/tu/201812/9999/8d6676eafd.jpg'),
(1533,'å½åæ¸çº¯æ¨¡ç¹ç¾å¥³ææé²è±å¤§èå¯ç¾åç','http://i1.whymtj.com/uploads/tu/201812/9999/1fdf3ef1ea.jpg'),
(1534,'å½åæ¸çº¯æ¨¡ç¹ç¾å¥³ææé²è±å¤§èå¯ç¾åç','http://i1.whymtj.com/uploads/tu/201812/9999/01b3f2ec5d.jpg'),
(1535,'å½äº§ç½çº¢ç¾å¥³ä¸°æ»¡å¤§è¸ç¾è¿A4è°å¯ç¾ææåç','http://i1.whymtj.com/uploads/tu/201901/9999/98b8c206a4.jpg'),
(1536,'å½äº§ç½çº¢ç¾å¥³ä¸°æ»¡å¤§è¸ç¾è¿A4è°å¯ç¾ææåç','http://i1.whymtj.com/uploads/tu/201901/9999/8a095efea1.jpg'),
(1537,'å½äº§ç½çº¢ç¾å¥³ä¸°æ»¡å¤§è¸ç¾è¿A4è°å¯ç¾ææåç','http://i1.whymtj.com/uploads/tu/201901/9999/35dbba7ee6.jpg'),
(1538,'å½äº§ç½çº¢ç¾å¥³ä¸°æ»¡å¤§è¸ç¾è¿A4è°å¯ç¾ææåç','http://i1.whymtj.com/uploads/tu/201901/9999/fb71e6390f.jpg'),
(1539,'å½äº§ç½çº¢ç¾å¥³ä¸°æ»¡å¤§è¸ç¾è¿A4è°å¯ç¾ææåç','http://i1.whymtj.com/uploads/tu/201901/9999/ceed9c5e60.jpg'),
(1540,'å½äº§ç½çº¢ç¾å¥³ä¸°æ»¡å¤§è¸ç¾è¿A4è°å¯ç¾ææåç','http://i1.whymtj.com/uploads/tu/201901/9999/0fc0b869d1.jpg'),
(1541,'å½äº§ç½çº¢ç¾å¥³ä¸°æ»¡å¤§è¸ç¾è¿A4è°å¯ç¾ææåç','http://i1.whymtj.com/uploads/tu/201901/9999/e14fe05c0f.jpg'),
(1542,'å½äº§ç½çº¢ç¾å¥³ä¸°æ»¡å¤§è¸ç¾è¿A4è°å¯ç¾ææåç','http://i1.whymtj.com/uploads/tu/201901/9999/916cbb7c50.jpg'),
(1543,'å½äº§ç½çº¢ç¾å¥³ä¸°æ»¡å¤§è¸ç¾è¿A4è°å¯ç¾ææåç','http://i1.whymtj.com/uploads/tu/201901/9999/3b13181a50.jpg'),
(1544,'å½äº§ç½çº¢ç¾å¥³ä¸°æ»¡å¤§è¸ç¾è¿A4è°å¯ç¾ææåç','http://i1.whymtj.com/uploads/tu/201901/9999/c711e7f826.jpg'),
(1545,'å½äº§ç½çº¢ç¾å¥³ä¸°æ»¡å¤§è¸ç¾è¿A4è°å¯ç¾ææåç','http://i1.whymtj.com/uploads/tu/201901/9999/d5d716e695.jpg'),
(1546,'å½äº§ç½çº¢ç¾å¥³ä¸°æ»¡å¤§è¸ç¾è¿A4è°å¯ç¾ææåç','http://i1.whymtj.com/uploads/tu/201901/9999/f33e455e7a.jpg'),
(1547,'å½äº§ç½çº¢ç¾å¥³ä¸°æ»¡å¤§è¸ç¾è¿A4è°å¯ç¾ææåç','http://i1.whymtj.com/uploads/tu/201901/9999/7f707e8726.jpg'),
(1548,'å½äº§ç½çº¢ç¾å¥³ä¸°æ»¡å¤§è¸ç¾è¿A4è°å¯ç¾ææåç','http://i1.whymtj.com/uploads/tu/201901/9999/ccfe5813f1.jpg'),
(1549,'å½äº§å¯ç±èå¦¹å±å®¶èéä¼é²è£éµå³æ§å¯ç¾åç','http://i1.whymtj.com/uploads/tu/201812/9999/f9561f2627.jpg'),
(1550,'å½äº§å¯ç±èå¦¹å±å®¶èéä¼é²è£éµå³æ§å¯ç¾åç','http://i1.whymtj.com/uploads/tu/201812/9999/46f79435b4.jpg'),
(1551,'å½äº§å¯ç±èå¦¹å±å®¶èéä¼é²è£éµå³æ§å¯ç¾åç','http://i1.whymtj.com/uploads/tu/201812/9999/75b3ff553c.jpg'),
(1552,'å½äº§å¯ç±èå¦¹å±å®¶èéä¼é²è£éµå³æ§å¯ç¾åç','http://i1.whymtj.com/uploads/tu/201812/9999/29fbe07eff.jpg'),
(1553,'å½äº§å¯ç±èå¦¹å±å®¶èéä¼é²è£éµå³æ§å¯ç¾åç','http://i1.whymtj.com/uploads/tu/201812/9999/4f627c9e88.jpg'),
(1554,'å½äº§å¯ç±èå¦¹å±å®¶èéä¼é²è£éµå³æ§å¯ç¾åç','http://i1.whymtj.com/uploads/tu/201812/9999/f0d48a4abe.jpg'),
(1555,'å½äº§å¯ç±èå¦¹å±å®¶èéä¼é²è£éµå³æ§å¯ç¾åç','http://i1.whymtj.com/uploads/tu/201812/9999/fb2f6ecd8d.jpg'),
(1556,'å½äº§å¯ç±èå¦¹å±å®¶èéä¼é²è£éµå³æ§å¯ç¾åç','http://i1.whymtj.com/uploads/tu/201812/9999/0b6c72e02a.jpg'),
(1557,'å½äº§å¯ç±èå¦¹å±å®¶èéä¼é²è£éµå³æ§å¯ç¾åç','http://i1.whymtj.com/uploads/tu/201812/9999/8bdd80dd6e.jpg'),
(1558,'å½äº§å¯ç±èå¦¹å±å®¶èéä¼é²è£éµå³æ§å¯ç¾åç','http://i1.whymtj.com/uploads/tu/201812/9999/a6e115fbda.jpg'),
(1559,'é¿è¿ç¾èå°¤ç©ä¸°æ»¡å¤§èæ§æç¾å¥³åç','http://i1.whymtj.com/uploads/tu/201812/9999/7854d60890.jpg'),
(1560,'é¿è¿ç¾èå°¤ç©ä¸°æ»¡å¤§èæ§æç¾å¥³åç','http://i1.whymtj.com/uploads/tu/201812/9999/c14f124812.jpg'),
(1561,'é¿è¿ç¾èå°¤ç©ä¸°æ»¡å¤§èæ§æç¾å¥³åç','http://i1.whymtj.com/uploads/tu/201812/9999/285f8df708.jpg'),
(1562,'é¿è¿ç¾èå°¤ç©ä¸°æ»¡å¤§èæ§æç¾å¥³åç','http://i1.whymtj.com/uploads/tu/201812/9999/57607df619.jpg'),
(1563,'é¿è¿ç¾èå°¤ç©ä¸°æ»¡å¤§èæ§æç¾å¥³åç','http://i1.whymtj.com/uploads/tu/201812/9999/e29837fbff.jpg'),
(1564,'é¿è¿ç¾èå°¤ç©ä¸°æ»¡å¤§èæ§æç¾å¥³åç','http://i1.whymtj.com/uploads/tu/201812/9999/668e2b9e3c.jpg'),
(1565,'é¿è¿ç¾èå°¤ç©ä¸°æ»¡å¤§èæ§æç¾å¥³åç','http://i1.whymtj.com/uploads/tu/201812/9999/bffe2ed0bf.jpg'),
(1566,'é¿è¿ç¾èå°¤ç©ä¸°æ»¡å¤§èæ§æç¾å¥³åç','http://i1.whymtj.com/uploads/tu/201812/9999/596d4ddcfe.jpg'),
(1567,'é¿è¿ç¾èå°¤ç©ä¸°æ»¡å¤§èæ§æç¾å¥³åç','http://i1.whymtj.com/uploads/tu/201812/9999/2ad48f409e.jpg'),
(1568,'é¿è¿ç¾èå°¤ç©ä¸°æ»¡å¤§èæ§æç¾å¥³åç','http://i1.whymtj.com/uploads/tu/201812/9999/5be8b567c3.jpg'),
(1569,'é¿è¿ç¾èå°¤ç©ä¸°æ»¡å¤§èæ§æç¾å¥³åç','http://i1.whymtj.com/uploads/tu/201812/9999/791c7f38a7.jpg'),
(1570,'é¿è¿ç¾èå°¤ç©ä¸°æ»¡å¤§èæ§æç¾å¥³åç','http://i1.whymtj.com/uploads/tu/201812/9999/ed765d79ba.jpg'),
(1571,'é¿è¿ç¾èå°¤ç©ä¸°æ»¡å¤§èæ§æç¾å¥³åç','http://i1.whymtj.com/uploads/tu/201812/9999/a4d53faa30.jpg'),
(1572,'å½äº§ç¾å¥³å°èèä¿ç®å¯ç±ç½çç¾è¿ç§æ¿åç','http://i1.whymtj.com/uploads/tu/201812/9999/8bbad17d5e.jpg'),
(1573,'å½äº§ç¾å¥³å°èèä¿ç®å¯ç±ç½çç¾è¿ç§æ¿åç','http://i1.whymtj.com/uploads/tu/201812/9999/88859ec391.jpg'),
(1574,'å½äº§ç¾å¥³å°èèä¿ç®å¯ç±ç½çç¾è¿ç§æ¿åç','http://i1.whymtj.com/uploads/tu/201812/9999/bbaaa0bc1e.jpg'),
(1575,'å½äº§ç¾å¥³å°èèä¿ç®å¯ç±ç½çç¾è¿ç§æ¿åç','http://i1.whymtj.com/uploads/tu/201812/9999/fe905adbb0.jpg'),
(1576,'å½äº§ç¾å¥³å°èèä¿ç®å¯ç±ç½çç¾è¿ç§æ¿åç','http://i1.whymtj.com/uploads/tu/201812/9999/37fcaaf093.jpg'),
(1577,'å½äº§ç¾å¥³å°èèä¿ç®å¯ç±ç½çç¾è¿ç§æ¿åç','http://i1.whymtj.com/uploads/tu/201812/9999/6a773e8254.jpg'),
(1578,'å½äº§ç¾å¥³å°èèä¿ç®å¯ç±ç½çç¾è¿ç§æ¿åç','http://i1.whymtj.com/uploads/tu/201812/9999/137a7ab67a.jpg'),
(1579,'å½äº§ç¾å¥³å°èèä¿ç®å¯ç±ç½çç¾è¿ç§æ¿åç','http://i1.whymtj.com/uploads/tu/201812/9999/b9e693f40d.jpg'),
(1580,'å½äº§ç¾å¥³å°èèä¿ç®å¯ç±ç½çç¾è¿ç§æ¿åç','http://i1.whymtj.com/uploads/tu/201812/9999/d6714aaeb9.jpg'),
(1581,'å½äº§ç¾å¥³å°èèä¿ç®å¯ç±ç½çç¾è¿ç§æ¿åç','http://i1.whymtj.com/uploads/tu/201812/9999/92e2dad69c.jpg'),
(1582,'å½äº§ç¾å¥³å°èèä¿ç®å¯ç±ç½çç¾è¿ç§æ¿åç','http://i1.whymtj.com/uploads/tu/201812/9999/c82de166fb.jpg'),
(1583,'æ°è´¨å¥³ææå¨å¼å¼æ§æè¾ä¸è£ç«¯åºå¸éå¯ç¾åç','http://i1.whymtj.com/uploads/tu/201907/9999/c2c6856f51.jpg'),
(1584,'æ°è´¨å¥³ææå¨å¼å¼æ§æè¾ä¸è£ç«¯åºå¸éå¯ç¾åç','http://i1.whymtj.com/uploads/tu/201907/9999/41de819a4c.jpg'),
(1585,'æ°è´¨å¥³ææå¨å¼å¼æ§æè¾ä¸è£ç«¯åºå¸éå¯ç¾åç','http://i1.whymtj.com/uploads/tu/201907/9999/cd8dd04722.jpg'),
(1586,'æ°è´¨å¥³ææå¨å¼å¼æ§æè¾ä¸è£ç«¯åºå¸éå¯ç¾åç','http://i1.whymtj.com/uploads/tu/201907/9999/006084301d.jpg'),
(1587,'æ°è´¨å¥³ææå¨å¼å¼æ§æè¾ä¸è£ç«¯åºå¸éå¯ç¾åç','http://i1.whymtj.com/uploads/tu/201907/9999/a10308eec4.jpg'),
(1588,'ä¸­å½æç¾æ ¡è±æå®¤ç½ä¸çº¢æ¯è¡£å¯ç¾åç','http://i1.whymtj.com/uploads/tu/201812/9999/40a73b4eaf.jpg'),
(1589,'ä¸­å½æç¾æ ¡è±æå®¤ç½ä¸çº¢æ¯è¡£å¯ç¾åç','http://i1.whymtj.com/uploads/tu/201812/9999/0acacbc2cf.jpg'),
(1590,'ä¸­å½æç¾æ ¡è±æå®¤ç½ä¸çº¢æ¯è¡£å¯ç¾åç','http://i1.whymtj.com/uploads/tu/201812/9999/d42ba80b2e.jpg'),
(1591,'ä¸­å½æç¾æ ¡è±æå®¤ç½ä¸çº¢æ¯è¡£å¯ç¾åç','http://i1.whymtj.com/uploads/tu/201812/9999/bbe76efece.jpg'),
(1592,'ä¸­å½æç¾æ ¡è±æå®¤ç½ä¸çº¢æ¯è¡£å¯ç¾åç','http://i1.whymtj.com/uploads/tu/201812/9999/dddc830ea3.jpg'),
(1593,'ä¸­å½æç¾æ ¡è±æå®¤ç½ä¸çº¢æ¯è¡£å¯ç¾åç','http://i1.whymtj.com/uploads/tu/201812/9999/3e9b6f6c55.jpg'),
(1594,'ä¸­å½æç¾æ ¡è±æå®¤ç½ä¸çº¢æ¯è¡£å¯ç¾åç','http://i1.whymtj.com/uploads/tu/201812/9999/d7c1d11f05.jpg'),
(1595,'ä¸­å½æç¾æ ¡è±æå®¤ç½ä¸çº¢æ¯è¡£å¯ç¾åç','http://i1.whymtj.com/uploads/tu/201812/9999/f8d074848e.jpg'),
(1596,'ä¸­å½æç¾æ ¡è±æå®¤ç½ä¸çº¢æ¯è¡£å¯ç¾åç','http://i1.whymtj.com/uploads/tu/201812/9999/7c622e3057.jpg'),
(1597,'ä¸­å½æç¾æ ¡è±æå®¤ç½ä¸çº¢æ¯è¡£å¯ç¾åç','http://i1.whymtj.com/uploads/tu/201812/9999/1e1d617763.jpg'),
(1598,'ä¸­å½æç¾æ ¡è±æå®¤ç½ä¸çº¢æ¯è¡£å¯ç¾åç','http://i1.whymtj.com/uploads/tu/201812/9999/b833a0ea0a.jpg'),
(1599,'ä¸­å½æç¾æ ¡è±æå®¤ç½ä¸çº¢æ¯è¡£å¯ç¾åç','http://i1.whymtj.com/uploads/tu/201812/9999/a5cf0849f4.jpg'),
(1600,'ä¸­å½å¤§éå¥³æææ¨ç´«æ§ææ¶å°æå¿å°é¢åçå¾ç','http://i1.whymtj.com/uploads/tu/201905/9999/525b68ce7c.jpg'),
(1601,'ä¸­å½å¤§éå¥³æææ¨ç´«æ§ææ¶å°æå¿å°é¢åçå¾ç','http://i1.whymtj.com/uploads/tu/201905/9999/80287a6cfd.jpg'),
(1602,'ä¸­å½å¤§éå¥³æææ¨ç´«æ§ææ¶å°æå¿å°é¢åçå¾ç','http://i1.whymtj.com/uploads/tu/201905/9999/703f75c609.jpg'),
(1603,'ä¸­å½å¤§éå¥³æææ¨ç´«æ§ææ¶å°æå¿å°é¢åçå¾ç','http://i1.whymtj.com/uploads/tu/201905/9999/f2acadb5d3.jpg'),
(1604,'ä¸­å½å¤§éå¥³æææ¨ç´«æ§ææ¶å°æå¿å°é¢åçå¾ç','http://i1.whymtj.com/uploads/tu/201905/9999/55feceaa8a.jpg'),
(1605,'ä¸­å½å¤§éå¥³æææ¨ç´«æ§ææ¶å°æå¿å°é¢åçå¾ç','http://i1.whymtj.com/uploads/tu/201905/9999/615bd0ba18.jpg'),
(1606,'ä¸­å½å¤§éå¥³æææ¨ç´«æ§ææ¶å°æå¿å°é¢åçå¾ç','http://i1.whymtj.com/uploads/tu/201905/9999/d3ff471446.jpg'),
(1607,'ä¸­å½å¤§éå¥³æææ¨ç´«æ§ææ¶å°æå¿å°é¢åçå¾ç','http://i1.whymtj.com/uploads/tu/201905/9999/9daf4bb8e5.jpg'),
(1608,'ä¸­å½å¤§éå¥³æææ¨ç´«æ§ææ¶å°æå¿å°é¢åçå¾ç','http://i1.whymtj.com/uploads/tu/201905/9999/0a00d32ce7.jpg'),
(1609,'ä¸­å½å¤§éå¥³æææ¨ç´«æ§ææ¶å°æå¿å°é¢åçå¾ç','http://i1.whymtj.com/uploads/tu/201905/9999/948bf92ddd.jpg'),
(1610,'ä¸­å½å¤§éå¥³æææ¨ç´«æ§ææ¶å°æå¿å°é¢åçå¾ç','http://i1.whymtj.com/uploads/tu/201905/9999/28b1b95972.jpg'),
(1611,'ä¸­å½åå°ç¾å¥³æ¨¡ç¹çä»åå¸¦è£¤å§å®¤å¯ç¾åç','http://i1.whymtj.com/uploads/tu/201811/9999/9e20220fde.jpg'),
(1612,'ä¸­å½åå°ç¾å¥³æ¨¡ç¹çä»åå¸¦è£¤å§å®¤å¯ç¾åç','http://i1.whymtj.com/uploads/tu/201811/9999/cb541b9c1c.jpg'),
(1613,'ä¸­å½åå°ç¾å¥³æ¨¡ç¹çä»åå¸¦è£¤å§å®¤å¯ç¾åç','http://i1.whymtj.com/uploads/tu/201811/9999/98c365d237.jpg'),
(1614,'ä¸­å½åå°ç¾å¥³æ¨¡ç¹çä»åå¸¦è£¤å§å®¤å¯ç¾åç','http://i1.whymtj.com/uploads/tu/201811/9999/cc41dc96b8.jpg'),
(1615,'ä¸­å½åå°ç¾å¥³æ¨¡ç¹çä»åå¸¦è£¤å§å®¤å¯ç¾åç','http://i1.whymtj.com/uploads/tu/201811/9999/7df277dad2.jpg'),
(1616,'ä¸­å½åå°ç¾å¥³æ¨¡ç¹çä»åå¸¦è£¤å§å®¤å¯ç¾åç','http://i1.whymtj.com/uploads/tu/201811/9999/38684e2618.jpg'),
(1617,'ä¸­å½åå°ç¾å¥³æ¨¡ç¹çä»åå¸¦è£¤å§å®¤å¯ç¾åç','http://i1.whymtj.com/uploads/tu/201811/9999/71b9d41c81.jpg'),
(1618,'ä¸­å½åå°ç¾å¥³æ¨¡ç¹çä»åå¸¦è£¤å§å®¤å¯ç¾åç','http://i1.whymtj.com/uploads/tu/201811/9999/74523197ed.jpg'),
(1619,'ä¸­å½å°å®¶ç¢§çå¨å¨è¸ç¾å¥³å¨ç¾çç¾ç§æ¿åç','http://i1.whymtj.com/uploads/tu/201902/9999/45a8441c4d.jpg'),
(1620,'ä¸­å½å°å®¶ç¢§çå¨å¨è¸ç¾å¥³å¨ç¾çç¾ç§æ¿åç','http://i1.whymtj.com/uploads/tu/201902/9999/516e977169.jpg'),
(1621,'ä¸­å½å°å®¶ç¢§çå¨å¨è¸ç¾å¥³å¨ç¾çç¾ç§æ¿åç','http://i1.whymtj.com/uploads/tu/201902/9999/801d4ef14e.jpg'),
(1622,'ä¸­å½å°å®¶ç¢§çå¨å¨è¸ç¾å¥³å¨ç¾çç¾ç§æ¿åç','http://i1.whymtj.com/uploads/tu/201902/9999/1c65d0972f.jpg'),
(1623,'ä¸­å½å°å®¶ç¢§çå¨å¨è¸ç¾å¥³å¨ç¾çç¾ç§æ¿åç','http://i1.whymtj.com/uploads/tu/201902/9999/8d78838737.jpg'),
(1624,'ä¸­å½å°å®¶ç¢§çå¨å¨è¸ç¾å¥³å¨ç¾çç¾ç§æ¿åç','http://i1.whymtj.com/uploads/tu/201902/9999/c1d64c9951.jpg'),
(1625,'ä¸­å½å°å®¶ç¢§çå¨å¨è¸ç¾å¥³å¨ç¾çç¾ç§æ¿åç','http://i1.whymtj.com/uploads/tu/201902/9999/66134ed02d.jpg'),
(1626,'ä¸­å½å°å®¶ç¢§çå¨å¨è¸ç¾å¥³å¨ç¾çç¾ç§æ¿åç','http://i1.whymtj.com/uploads/tu/201902/9999/4b65625c5f.jpg'),
(1627,'æååå¸¦ç¡è¡£ç¾å¥³é¦è©å¤§ç¼å¯ç¾å°æ¸æ°åç','http://i1.whymtj.com/uploads/tu/201902/9999/9be7ef62ca.jpg'),
(1628,'æååå¸¦ç¡è¡£ç¾å¥³é¦è©å¤§ç¼å¯ç¾å°æ¸æ°åç','http://i1.whymtj.com/uploads/tu/201902/9999/1df254fdcb.jpg'),
(1629,'æååå¸¦ç¡è¡£ç¾å¥³é¦è©å¤§ç¼å¯ç¾å°æ¸æ°åç','http://i1.whymtj.com/uploads/tu/201902/9999/7048e8a185.jpg'),
(1630,'æååå¸¦ç¡è¡£ç¾å¥³é¦è©å¤§ç¼å¯ç¾å°æ¸æ°åç','http://i1.whymtj.com/uploads/tu/201902/9999/b1bdef9181.jpg'),
(1631,'æååå¸¦ç¡è¡£ç¾å¥³é¦è©å¤§ç¼å¯ç¾å°æ¸æ°åç','http://i1.whymtj.com/uploads/tu/201902/9999/6ec80399ab.jpg'),
(1632,'æååå¸¦ç¡è¡£ç¾å¥³é¦è©å¤§ç¼å¯ç¾å°æ¸æ°åç','http://i1.whymtj.com/uploads/tu/201902/9999/181d8a2c19.jpg'),
(1633,'æååå¸¦ç¡è¡£ç¾å¥³é¦è©å¤§ç¼å¯ç¾å°æ¸æ°åç','http://i1.whymtj.com/uploads/tu/201902/9999/06e968f0cc.jpg'),
(1634,'æååå¸¦ç¡è¡£ç¾å¥³é¦è©å¤§ç¼å¯ç¾å°æ¸æ°åç','http://i1.whymtj.com/uploads/tu/201902/9999/a2f76fd0ae.jpg'),
(1635,'æååå¸¦ç¡è¡£ç¾å¥³é¦è©å¤§ç¼å¯ç¾å°æ¸æ°åç','http://i1.whymtj.com/uploads/tu/201902/9999/cc9df59674.jpg'),
(1636,'äºæ´²æåæ°è´¨æ¨¡ç¹èéç«è¾£èº«ææ§æç¾è¿æ¶å°æå¿åçå¾ç','http://i1.whymtj.com/uploads/tu/201907/9999/56543293de.jpg'),
(1637,'äºæ´²æåæ°è´¨æ¨¡ç¹èéç«è¾£èº«ææ§æç¾è¿æ¶å°æå¿åçå¾ç','http://i1.whymtj.com/uploads/tu/201907/9999/238d9122d2.jpg'),
(1638,'äºæ´²æåæ°è´¨æ¨¡ç¹èéç«è¾£èº«ææ§æç¾è¿æ¶å°æå¿åçå¾ç','http://i1.whymtj.com/uploads/tu/201907/9999/f0cf5c374d.jpg'),
(1639,'äºæ´²æåæ°è´¨æ¨¡ç¹èéç«è¾£èº«ææ§æç¾è¿æ¶å°æå¿åçå¾ç','http://i1.whymtj.com/uploads/tu/201907/9999/289bd7cc61.jpg'),
(1640,'äºæ´²æåæ°è´¨æ¨¡ç¹èéç«è¾£èº«ææ§æç¾è¿æ¶å°æå¿åçå¾ç','http://i1.whymtj.com/uploads/tu/201907/9999/45e6e78c86.jpg'),
(1641,'äºæ´²æåæ°è´¨æ¨¡ç¹èéç«è¾£èº«ææ§æç¾è¿æ¶å°æå¿åçå¾ç','http://i1.whymtj.com/uploads/tu/201907/9999/adb86b253f.jpg'),
(1642,'äºæ´²æåæ°è´¨æ¨¡ç¹èéç«è¾£èº«ææ§æç¾è¿æ¶å°æå¿åçå¾ç','http://i1.whymtj.com/uploads/tu/201907/9999/68974204df.jpg'),
(1643,'äºæ´²æåæ°è´¨æ¨¡ç¹èéç«è¾£èº«ææ§æç¾è¿æ¶å°æå¿åçå¾ç','http://i1.whymtj.com/uploads/tu/201907/9999/7bb7821926.jpg'),
(1644,'æ¸çº¯ç¾å¥³æåæ§æå¤§æ³¢æµªæ©äººæ¹è¸è£æ¶å°å¯ç¾åç','http://i1.whymtj.com/uploads/tu/201907/9999/7fd6a1a229.jpg'),
(1645,'æ¸çº¯ç¾å¥³æåæ§æå¤§æ³¢æµªæ©äººæ¹è¸è£æ¶å°å¯ç¾åç','http://i1.whymtj.com/uploads/tu/201907/9999/edb4ef81ee.jpg'),
(1646,'æ¸çº¯ç¾å¥³æåæ§æå¤§æ³¢æµªæ©äººæ¹è¸è£æ¶å°å¯ç¾åç','http://i1.whymtj.com/uploads/tu/201907/9999/a124271a29.jpg'),
(1647,'å½äº§æ ¡å­é£ç¾å¥³ç¾è¿é»ä¸æ©äººç¼ç¥å¯ç¾åç','http://i1.whymtj.com/uploads/tu/201901/9999/e535defadb.jpg'),
(1648,'å½äº§æ ¡å­é£ç¾å¥³ç¾è¿é»ä¸æ©äººç¼ç¥å¯ç¾åç','http://i1.whymtj.com/uploads/tu/201901/9999/eb9ea9ae8e.jpg'),
(1649,'å½äº§æ ¡å­é£ç¾å¥³ç¾è¿é»ä¸æ©äººç¼ç¥å¯ç¾åç','http://i1.whymtj.com/uploads/tu/201901/9999/c63798c065.jpg'),
(1650,'å½äº§æ ¡å­é£ç¾å¥³ç¾è¿é»ä¸æ©äººç¼ç¥å¯ç¾åç','http://i1.whymtj.com/uploads/tu/201901/9999/9d8d945eff.jpg'),
(1651,'å½äº§æ ¡å­é£ç¾å¥³ç¾è¿é»ä¸æ©äººç¼ç¥å¯ç¾åç','http://i1.whymtj.com/uploads/tu/201901/9999/224005548e.jpg'),
(1652,'å½äº§æ ¡å­é£ç¾å¥³ç¾è¿é»ä¸æ©äººç¼ç¥å¯ç¾åç','http://i1.whymtj.com/uploads/tu/201901/9999/d48ef37362.jpg'),
(1653,'å½äº§æ ¡å­é£ç¾å¥³ç¾è¿é»ä¸æ©äººç¼ç¥å¯ç¾åç','http://i1.whymtj.com/uploads/tu/201901/9999/1b6331867c.jpg'),
(1654,'å½äº§æ ¡å­é£ç¾å¥³ç¾è¿é»ä¸æ©äººç¼ç¥å¯ç¾åç','http://i1.whymtj.com/uploads/tu/201901/9999/f4706acb22.jpg'),
(1655,'å½äº§æ ¡å­é£ç¾å¥³ç¾è¿é»ä¸æ©äººç¼ç¥å¯ç¾åç','http://i1.whymtj.com/uploads/tu/201901/9999/de9d7ede89.jpg'),
(1656,'å½äº§æ ¡å­é£ç¾å¥³ç¾è¿é»ä¸æ©äººç¼ç¥å¯ç¾åç','http://i1.whymtj.com/uploads/tu/201901/9999/5c18b0add7.jpg'),
(1657,'å½äº§æ ¡å­é£ç¾å¥³ç¾è¿é»ä¸æ©äººç¼ç¥å¯ç¾åç','http://i1.whymtj.com/uploads/tu/201901/9999/52de32a6d0.jpg'),
(1658,'å½äº§æ ¡å­é£ç¾å¥³ç¾è¿é»ä¸æ©äººç¼ç¥å¯ç¾åç','http://i1.whymtj.com/uploads/tu/201901/9999/db28256933.jpg'),
(1659,'å½äº§æ ¡å­é£ç¾å¥³ç¾è¿é»ä¸æ©äººç¼ç¥å¯ç¾åç','http://i1.whymtj.com/uploads/tu/201901/9999/3651f82f87.jpg'),
(1660,'å½äº§æ ¡å­é£ç¾å¥³ç¾è¿é»ä¸æ©äººç¼ç¥å¯ç¾åç','http://i1.whymtj.com/uploads/tu/201901/9999/ba493edc4e.jpg'),
(1661,'ä¸¸å­å¤´é«é¢å¼æ¸æ°å°å¥³çº¯ç½åå¸¦è£å¯ç¾åç','http://i1.whymtj.com/uploads/tu/201812/9999/d446c62331.jpg'),
(1662,'ä¸¸å­å¤´é«é¢å¼æ¸æ°å°å¥³çº¯ç½åå¸¦è£å¯ç¾åç','http://i1.whymtj.com/uploads/tu/201812/9999/27a3f94501.jpg'),
(1663,'ä¸¸å­å¤´é«é¢å¼æ¸æ°å°å¥³çº¯ç½åå¸¦è£å¯ç¾åç','http://i1.whymtj.com/uploads/tu/201812/9999/3034e0e0de.jpg'),
(1664,'ä¸¸å­å¤´é«é¢å¼æ¸æ°å°å¥³çº¯ç½åå¸¦è£å¯ç¾åç','http://i1.whymtj.com/uploads/tu/201812/9999/51f80687ff.jpg'),
(1665,'ä¸¸å­å¤´é«é¢å¼æ¸æ°å°å¥³çº¯ç½åå¸¦è£å¯ç¾åç','http://i1.whymtj.com/uploads/tu/201812/9999/974b03681a.jpg'),
(1666,'æ°è´¨å¥³ææéé°çªæ¶å°ç¥æ§å¸éå¯ç¾åç','http://i1.whymtj.com/uploads/tu/201907/9999/019ab241fa.jpg'),
(1667,'æ°è´¨å¥³ææéé°çªæ¶å°ç¥æ§å¸éå¯ç¾åç','http://i1.whymtj.com/uploads/tu/201907/9999/76b34a274a.jpg'),
(1668,'æ°è´¨å¥³ææéé°çªæ¶å°ç¥æ§å¸éå¯ç¾åç','http://i1.whymtj.com/uploads/tu/201907/9999/c5bfb8c297.jpg'),
(1669,'æ°è´¨å¥³ææéé°çªæ¶å°ç¥æ§å¸éå¯ç¾åç','http://i1.whymtj.com/uploads/tu/201907/9999/8d07fd89de.jpg'),
(1670,'æ°è´¨å¥³ææéé°çªæ¶å°ç¥æ§å¸éå¯ç¾åç','http://i1.whymtj.com/uploads/tu/201907/9999/73105f36a3.jpg'),
(1671,'å½äº§ç¾å¥³èèç­è£¤ç¾è¿æè´è¯±æç§æ¿åç','http://i1.whymtj.com/uploads/tu/201812/9999/3157648b0a.jpg'),
(1672,'å½äº§ç¾å¥³èèç­è£¤ç¾è¿æè´è¯±æç§æ¿åç','http://i1.whymtj.com/uploads/tu/201812/9999/17c5e8b1b1.jpg'),
(1673,'å½äº§ç¾å¥³èèç­è£¤ç¾è¿æè´è¯±æç§æ¿åç','http://i1.whymtj.com/uploads/tu/201812/9999/3992955240.jpg'),
(1674,'å½äº§ç¾å¥³èèç­è£¤ç¾è¿æè´è¯±æç§æ¿åç','http://i1.whymtj.com/uploads/tu/201812/9999/c29b73b47a.jpg'),
(1675,'å½äº§ç¾å¥³èèç­è£¤ç¾è¿æè´è¯±æç§æ¿åç','http://i1.whymtj.com/uploads/tu/201812/9999/e76ee67e3a.jpg'),
(1676,'å½äº§ç¾å¥³èèç­è£¤ç¾è¿æè´è¯±æç§æ¿åç','http://i1.whymtj.com/uploads/tu/201812/9999/7cdfe34815.jpg'),
(1677,'é¦æ¸¯ç¾å¥³ææé­éæ´æ¶å°ç­åæå¿å°é¢åçå¾ç','http://i1.whymtj.com/uploads/tu/201906/9999/d414def19d.jpg'),
(1678,'é¦æ¸¯ç¾å¥³ææé­éæ´æ¶å°ç­åæå¿å°é¢åçå¾ç','http://i1.whymtj.com/uploads/tu/201906/9999/458a982ea0.jpg'),
(1679,'é¦æ¸¯ç¾å¥³ææé­éæ´æ¶å°ç­åæå¿å°é¢åçå¾ç','http://i1.whymtj.com/uploads/tu/201906/9999/a194638d9b.jpg'),
(1680,'é¦æ¸¯ç¾å¥³ææé­éæ´æ¶å°ç­åæå¿å°é¢åçå¾ç','http://i1.whymtj.com/uploads/tu/201906/9999/dd00fe49ff.jpg'),
(1681,'é¦æ¸¯ç¾å¥³ææé­éæ´æ¶å°ç­åæå¿å°é¢åçå¾ç','http://i1.whymtj.com/uploads/tu/201906/9999/0806bd8530.jpg'),
(1682,'é¦æ¸¯ç¾å¥³ææé­éæ´æ¶å°ç­åæå¿å°é¢åçå¾ç','http://i1.whymtj.com/uploads/tu/201906/9999/651c741eed.jpg'),
(1683,'é¦æ¸¯ç¾å¥³ææé­éæ´æ¶å°ç­åæå¿å°é¢åçå¾ç','http://i1.whymtj.com/uploads/tu/201906/9999/af25c99596.jpg'),
(1684,'é¦æ¸¯ç¾å¥³ææé­éæ´æ¶å°ç­åæå¿å°é¢åçå¾ç','http://i1.whymtj.com/uploads/tu/201906/9999/0c5cc4b5a8.jpg'),
(1685,'å½äº§ç¾å¥³èèè¾ä¸ç­è£ç¾è¿ç§æ¿åç','http://i1.whymtj.com/uploads/tu/201812/9999/a34edaec72.jpg'),
(1686,'å½äº§ç¾å¥³èèè¾ä¸ç­è£ç¾è¿ç§æ¿åç','http://i1.whymtj.com/uploads/tu/201812/9999/9dcc73e134.jpg'),
(1687,'å½äº§ç¾å¥³èèè¾ä¸ç­è£ç¾è¿ç§æ¿åç','http://i1.whymtj.com/uploads/tu/201812/9999/1626995693.jpg'),
(1688,'å½äº§ç¾å¥³èèè¾ä¸ç­è£ç¾è¿ç§æ¿åç','http://i1.whymtj.com/uploads/tu/201812/9999/1394b4d3d3.jpg'),
(1689,'å½äº§ç¾å¥³èèè¾ä¸ç­è£ç¾è¿ç§æ¿åç','http://i1.whymtj.com/uploads/tu/201812/9999/4e56eb996c.jpg'),
(1690,'å½äº§ç¾å¥³èèè¾ä¸ç­è£ç¾è¿ç§æ¿åç','http://i1.whymtj.com/uploads/tu/201812/9999/e7faab24b2.jpg'),
(1691,'å½äº§ç¾å¥³èèè¾ä¸ç­è£ç¾è¿ç§æ¿åç','http://i1.whymtj.com/uploads/tu/201812/9999/79432018c9.jpg'),
(1692,'å½äº§ç¾å¥³èèè¾ä¸ç­è£ç¾è¿ç§æ¿åç','http://i1.whymtj.com/uploads/tu/201812/9999/2cce68f0b7.jpg'),
(1693,'å½äº§ç¾å¥³èèè¾ä¸ç­è£ç¾è¿ç§æ¿åç','http://i1.whymtj.com/uploads/tu/201812/9999/8213f8d296.jpg'),
(1694,'å½äº§ç¾å¥³èèè¾ä¸ç­è£ç¾è¿ç§æ¿åç','http://i1.whymtj.com/uploads/tu/201812/9999/6bb1b8331d.jpg'),
(1695,'å½äº§ç­åç¾å¥³é¦è©åå¸¦å§å®¤å¯ç¾åç','http://i1.whymtj.com/uploads/tu/201812/9999/d0c3c93517.jpg'),
(1696,'å½äº§ç­åç¾å¥³é¦è©åå¸¦å§å®¤å¯ç¾åç','http://i1.whymtj.com/uploads/tu/201812/9999/db9a0eed51.jpg'),
(1697,'å½äº§ç­åç¾å¥³é¦è©åå¸¦å§å®¤å¯ç¾åç','http://i1.whymtj.com/uploads/tu/201812/9999/cb12167135.jpg'),
(1698,'å½äº§ç­åç¾å¥³é¦è©åå¸¦å§å®¤å¯ç¾åç','http://i1.whymtj.com/uploads/tu/201812/9999/0d27576b04.jpg'),
(1699,'å½äº§ç­åç¾å¥³é¦è©åå¸¦å§å®¤å¯ç¾åç','http://i1.whymtj.com/uploads/tu/201812/9999/f9450d7101.jpg'),
(1700,'å½äº§ç­åç¾å¥³é¦è©åå¸¦å§å®¤å¯ç¾åç','http://i1.whymtj.com/uploads/tu/201812/9999/03dbf96a1f.jpg'),
(1701,'å½äº§ç­åç¾å¥³é¦è©åå¸¦å§å®¤å¯ç¾åç','http://i1.whymtj.com/uploads/tu/201812/9999/c79a180f56.jpg'),
(1702,'å½äº§ç­åç¾å¥³é¦è©åå¸¦å§å®¤å¯ç¾åç','http://i1.whymtj.com/uploads/tu/201812/9999/c055db3d48.jpg'),
(1703,'æ§ææ¨¡ç¹ææ¼å·è³ç¥æ§æ¶å°æå¿åçå¾ç','http://i1.whymtj.com/uploads/tu/201907/9999/50e015094a.jpg'),
(1704,'æ§ææ¨¡ç¹ææ¼å·è³ç¥æ§æ¶å°æå¿åçå¾ç','http://i1.whymtj.com/uploads/tu/201907/9999/2990f9d85f.jpg'),
(1705,'æ§ææ¨¡ç¹ææ¼å·è³ç¥æ§æ¶å°æå¿åçå¾ç','http://i1.whymtj.com/uploads/tu/201907/9999/c837af09fa.jpg'),
(1706,'æ§ææ¨¡ç¹ææ¼å·è³ç¥æ§æ¶å°æå¿åçå¾ç','http://i1.whymtj.com/uploads/tu/201907/9999/9eb7ab02a0.jpg'),
(1707,'æ°è´¨å¥³æ¼åæåçæ§ææå¿åçå¾ç','http://i1.whymtj.com/uploads/tu/201907/9999/54d6ad5340.jpg'),
(1708,'æ°è´¨å¥³æ¼åæåçæ§ææå¿åçå¾ç','http://i1.whymtj.com/uploads/tu/201907/9999/93f9ce7663.jpg'),
(1709,'æ°è´¨å¥³æ¼åæåçæ§ææå¿åçå¾ç','http://i1.whymtj.com/uploads/tu/201907/9999/77c9623477.jpg'),
(1710,'æ°è´¨å¥³æ¼åæåçæ§ææå¿åçå¾ç','http://i1.whymtj.com/uploads/tu/201907/9999/c8059ab611.jpg'),
(1711,'æ°è´¨å¥³æ¼åæåçæ§ææå¿åçå¾ç','http://i1.whymtj.com/uploads/tu/201907/9999/a5789d62cf.jpg'),
(1712,'æ°è´¨å¥³ç¥è¿ªä¸½ç­å·´äº®çè£æ§æå¦©åªåçå¾ç','http://i1.whymtj.com/uploads/tu/201907/9999/42dddd141e.jpg'),
(1713,'æ°è´¨å¥³ç¥è¿ªä¸½ç­å·´äº®çè£æ§æå¦©åªåçå¾ç','http://i1.whymtj.com/uploads/tu/201907/9999/16027a7d19.jpg'),
(1714,'æ°è´¨å¥³ç¥è¿ªä¸½ç­å·´äº®çè£æ§æå¦©åªåçå¾ç','http://i1.whymtj.com/uploads/tu/201907/9999/c5f048e44f.jpg'),
(1715,'æ°è´¨å¥³ç¥è¿ªä¸½ç­å·´äº®çè£æ§æå¦©åªåçå¾ç','http://i1.whymtj.com/uploads/tu/201907/9999/cfa5e91db1.jpg'),
(1716,'æ°è´¨å¥³ç¥è¿ªä¸½ç­å·´äº®çè£æ§æå¦©åªåçå¾ç','http://i1.whymtj.com/uploads/tu/201907/9999/516526f545.jpg'),
(1717,'å¤§éç¾å¥³æ¨¡ç¹ç½è²åå¸¦è£é«ææ¹ç«èº«ææ§æåçå¾ç','http://i1.whymtj.com/uploads/tu/201802/9999/d22321474d.jpg'),
(1718,'å¤§éç¾å¥³æ¨¡ç¹ç½è²åå¸¦è£é«ææ¹ç«èº«ææ§æåçå¾ç','http://i1.whymtj.com/uploads/tu/201802/9999/51eb87d71c.jpg'),
(1719,'å¤§éç¾å¥³æ¨¡ç¹ç½è²åå¸¦è£é«ææ¹ç«èº«ææ§æåçå¾ç','http://i1.whymtj.com/uploads/tu/201802/9999/a05689c0d6.jpg'),
(1720,'å¤§éç¾å¥³æ¨¡ç¹ç½è²åå¸¦è£é«ææ¹ç«èº«ææ§æåçå¾ç','http://i1.whymtj.com/uploads/tu/201802/9999/8df89c0c41.jpg'),
(1721,'å¤§éç¾å¥³æ¨¡ç¹ç½è²åå¸¦è£é«ææ¹ç«èº«ææ§æåçå¾ç','http://i1.whymtj.com/uploads/tu/201802/9999/5a55d0cc13.jpg'),
(1722,'å¤§éç¾å¥³æ¨¡ç¹ç½è²åå¸¦è£é«ææ¹ç«èº«ææ§æåçå¾ç','http://i1.whymtj.com/uploads/tu/201802/9999/3c872f0045.jpg'),
(1723,'å¤§éç¾å¥³æ¨¡ç¹ç½è²åå¸¦è£é«ææ¹ç«èº«ææ§æåçå¾ç','http://i1.whymtj.com/uploads/tu/201802/9999/c8ad611651.jpg'),
(1724,'å¤§éç¾å¥³æ¨¡ç¹ç½è²åå¸¦è£é«ææ¹ç«èº«ææ§æåçå¾ç','http://i1.whymtj.com/uploads/tu/201802/9999/49c6c2378a.jpg'),
(1725,'å¤§éç¾å¥³æ¨¡ç¹ç½è²åå¸¦è£é«ææ¹ç«èº«ææ§æåçå¾ç','http://i1.whymtj.com/uploads/tu/201802/9999/e1f39921d5.jpg'),
(1726,'å¤§éç¾å¥³æ¨¡ç¹ç½è²åå¸¦è£é«ææ¹ç«èº«ææ§æåçå¾ç','http://i1.whymtj.com/uploads/tu/201802/9999/8a461ad60c.jpg'),
(1727,'å¤§éç¾å¥³æ¨¡ç¹ç½è²åå¸¦è£é«ææ¹ç«èº«ææ§æåçå¾ç','http://i1.whymtj.com/uploads/tu/201802/9999/c9230c1184.jpg'),
(1728,'ç¾å¥³è¸å¤§ç¾è³å®éçº¯æè´ä½æ§æç½å«©éºæ¿ææ°å½åç²¾ååç','http://i1.whymtj.com/uploads/tu/201907/9999/8561338c3a.jpg'),
(1729,'ç¾å¥³è¸å¤§ç¾è³å®éçº¯æè´ä½æ§æç½å«©éºæ¿ææ°å½åç²¾ååç','http://i1.whymtj.com/uploads/tu/201907/9999/2a8ac5e719.jpg'),
(1730,'ç¾å¥³è¸å¤§ç¾è³å®éçº¯æè´ä½æ§æç½å«©éºæ¿ææ°å½åç²¾ååç','http://i1.whymtj.com/uploads/tu/201907/9999/13944ee6f9.jpg'),
(1731,'ç¾å¥³è¸å¤§ç¾è³å®éçº¯æè´ä½æ§æç½å«©éºæ¿ææ°å½åç²¾ååç','http://i1.whymtj.com/uploads/tu/201907/9999/9b94582b44.jpg'),
(1732,'ç¾å¥³è¸å¤§ç¾è³å®éçº¯æè´ä½æ§æç½å«©éºæ¿ææ°å½åç²¾ååç','http://i1.whymtj.com/uploads/tu/201907/9999/95fbe58e86.jpg'),
(1733,'ç¾å¥³è¸å¤§ç¾è³å®éçº¯æè´ä½æ§æç½å«©éºæ¿ææ°å½åç²¾ååç','http://i1.whymtj.com/uploads/tu/201907/9999/7e1bf6cd68.jpg'),
(1734,'ç¾å¥³è¸å¤§ç¾è³å®éçº¯æè´ä½æ§æç½å«©éºæ¿ææ°å½åç²¾ååç','http://i1.whymtj.com/uploads/tu/201907/9999/aa6ad67f5e.jpg'),
(1735,'ç¾å¥³è¸å¤§ç¾è³å®éçº¯æè´ä½æ§æç½å«©éºæ¿ææ°å½åç²¾ååç','http://i1.whymtj.com/uploads/tu/201907/9999/03f572d46a.jpg'),
(1736,'å½æ°éºå¥³æ¯çå¤æ¥æ¸ç½ç©¿æ­çç¾æ§ææ·å¤åç','http://i1.whymtj.com/uploads/tu/201907/9999/c40014abac.jpg'),
(1737,'å½æ°éºå¥³æ¯çå¤æ¥æ¸ç½ç©¿æ­çç¾æ§ææ·å¤åç','http://i1.whymtj.com/uploads/tu/201907/9999/fbec9945c6.jpg'),
(1738,'å½æ°éºå¥³æ¯çå¤æ¥æ¸ç½ç©¿æ­çç¾æ§ææ·å¤åç','http://i1.whymtj.com/uploads/tu/201907/9999/806c9cfdb6.jpg'),
(1739,'å½æ°éºå¥³æ¯çå¤æ¥æ¸ç½ç©¿æ­çç¾æ§ææ·å¤åç','http://i1.whymtj.com/uploads/tu/201907/9999/7fc2e89b97.jpg'),
(1740,'å½æ°éºå¥³æ¯çå¤æ¥æ¸ç½ç©¿æ­çç¾æ§ææ·å¤åç','http://i1.whymtj.com/uploads/tu/201907/9999/b15612b495.jpg'),
(1741,'å½æ°éºå¥³æ¯çå¤æ¥æ¸ç½ç©¿æ­çç¾æ§ææ·å¤åç','http://i1.whymtj.com/uploads/tu/201907/9999/d1e1daa5ad.jpg'),
(1742,'å½æ°éºå¥³æ¯çå¤æ¥æ¸ç½ç©¿æ­çç¾æ§ææ·å¤åç','http://i1.whymtj.com/uploads/tu/201907/9999/993b976104.jpg'),
(1743,'å½æ°éºå¥³æ¯çå¤æ¥æ¸ç½ç©¿æ­çç¾æ§ææ·å¤åç','http://i1.whymtj.com/uploads/tu/201907/9999/c58779166a.jpg'),
(1744,'å½äº§å·¨ä¹³ç¾å¥³æ¨¡ç¹æ·±éäºä¸çº¿è¾ä¸åå¸¦åè¡£å¤§èåç','http://i1.whymtj.com/uploads/tu/201811/9999/455b1dfe82.jpg'),
(1745,'å½äº§å·¨ä¹³ç¾å¥³æ¨¡ç¹æ·±éäºä¸çº¿è¾ä¸åå¸¦åè¡£å¤§èåç','http://i1.whymtj.com/uploads/tu/201811/9999/8d8c5a5faf.jpg'),
(1746,'å½äº§å·¨ä¹³ç¾å¥³æ¨¡ç¹æ·±éäºä¸çº¿è¾ä¸åå¸¦åè¡£å¤§èåç','http://i1.whymtj.com/uploads/tu/201811/9999/18a63bc25c.jpg'),
(1747,'å½äº§å·¨ä¹³ç¾å¥³æ¨¡ç¹æ·±éäºä¸çº¿è¾ä¸åå¸¦åè¡£å¤§èåç','http://i1.whymtj.com/uploads/tu/201811/9999/2d65ce6760.jpg'),
(1748,'å½äº§å·¨ä¹³ç¾å¥³æ¨¡ç¹æ·±éäºä¸çº¿è¾ä¸åå¸¦åè¡£å¤§èåç','http://i1.whymtj.com/uploads/tu/201811/9999/4ef41bc5c8.jpg'),
(1749,'å½äº§å·¨ä¹³ç¾å¥³æ¨¡ç¹æ·±éäºä¸çº¿è¾ä¸åå¸¦åè¡£å¤§èåç','http://i1.whymtj.com/uploads/tu/201811/9999/556b246a4b.jpg'),
(1750,'å½äº§å·¨ä¹³ç¾å¥³æ¨¡ç¹æ·±éäºä¸çº¿è¾ä¸åå¸¦åè¡£å¤§èåç','http://i1.whymtj.com/uploads/tu/201811/9999/76121d37bb.jpg'),
(1751,'å½äº§å·¨ä¹³ç¾å¥³æ¨¡ç¹æ·±éäºä¸çº¿è¾ä¸åå¸¦åè¡£å¤§èåç','http://i1.whymtj.com/uploads/tu/201811/9999/a4f740461e.jpg'),
(1752,'æ°è´¨ç¾å¥³å®ç¥å¿å·è³å¦©åªé¥è¸è®è°æ¶å°æ§æåç','http://i1.whymtj.com/uploads/tu/201907/9999/63b7796466.jpg'),
(1753,'æ°è´¨ç¾å¥³å®ç¥å¿å·è³å¦©åªé¥è¸è®è°æ¶å°æ§æåç','http://i1.whymtj.com/uploads/tu/201907/9999/ff55c66dba.jpg'),
(1754,'æ°è´¨ç¾å¥³å®ç¥å¿å·è³å¦©åªé¥è¸è®è°æ¶å°æ§æåç','http://i1.whymtj.com/uploads/tu/201907/9999/aada2f0479.jpg'),
(1755,'æ°è´¨ç¾å¥³å®ç¥å¿å·è³å¦©åªé¥è¸è®è°æ¶å°æ§æåç','http://i1.whymtj.com/uploads/tu/201907/9999/07679e2311.jpg'),
(1756,'æ°è´¨ç¾å¥³å®ç¥å¿å·è³å¦©åªé¥è¸è®è°æ¶å°æ§æåç','http://i1.whymtj.com/uploads/tu/201907/9999/ca9d92c1fb.jpg'),
(1757,'æ°è´¨ç¾å¥³å®ç¥å¿å·è³å¦©åªé¥è¸è®è°æ¶å°æ§æåç','http://i1.whymtj.com/uploads/tu/201907/9999/d196b4519d.jpg'),
(1758,'æ°è´¨ç¾å¥³å®ç¥å¿å·è³å¦©åªé¥è¸è®è°æ¶å°æ§æåç','http://i1.whymtj.com/uploads/tu/201907/9999/2656fa8b0b.jpg'),
(1759,'æ°è´¨ç¾å¥³å®ç¥å¿å·è³å¦©åªé¥è¸è®è°æ¶å°æ§æåç','http://i1.whymtj.com/uploads/tu/201907/9999/b0390d1e23.jpg'),
(1760,'çå¿å®è´è±è£é³åé¿è¿ç§æ¿ç¾å¥³åç','http://i1.whymtj.com/uploads/tu/201811/9999/8231b00083.jpg'),
(1761,'çå¿å®è´è±è£é³åé¿è¿ç§æ¿ç¾å¥³åç','http://i1.whymtj.com/uploads/tu/201811/9999/519cdaaa01.jpg'),
(1762,'çå¿å®è´è±è£é³åé¿è¿ç§æ¿ç¾å¥³åç','http://i1.whymtj.com/uploads/tu/201811/9999/b39416f015.jpg'),
(1763,'çå¿å®è´è±è£é³åé¿è¿ç§æ¿ç¾å¥³åç','http://i1.whymtj.com/uploads/tu/201811/9999/f7bed225ed.jpg'),
(1764,'çå¿å®è´è±è£é³åé¿è¿ç§æ¿ç¾å¥³åç','http://i1.whymtj.com/uploads/tu/201811/9999/99bc6324fb.jpg'),
(1765,'çå¿å®è´è±è£é³åé¿è¿ç§æ¿ç¾å¥³åç','http://i1.whymtj.com/uploads/tu/201811/9999/70ac86b76f.jpg'),
(1766,'çå¿å®è´è±è£é³åé¿è¿ç§æ¿ç¾å¥³åç','http://i1.whymtj.com/uploads/tu/201811/9999/a2352b7496.jpg'),
(1767,'çå¿å®è´è±è£é³åé¿è¿ç§æ¿ç¾å¥³åç','http://i1.whymtj.com/uploads/tu/201811/9999/475b1d0121.jpg'),
(1768,'çç¾éçªç¾å¥³æ²»æç³»æ§æç¾å¥³ç§æ¿ç§ç','http://i1.whymtj.com/uploads/tu/201811/9999/aad728e04a.jpg'),
(1769,'çç¾éçªç¾å¥³æ²»æç³»æ§æç¾å¥³ç§æ¿ç§ç','http://i1.whymtj.com/uploads/tu/201811/9999/42f1ce15c8.jpg'),
(1770,'çç¾éçªç¾å¥³æ²»æç³»æ§æç¾å¥³ç§æ¿ç§ç','http://i1.whymtj.com/uploads/tu/201811/9999/2156d3f164.jpg'),
(1771,'çç¾éçªç¾å¥³æ²»æç³»æ§æç¾å¥³ç§æ¿ç§ç','http://i1.whymtj.com/uploads/tu/201811/9999/05e9ddffc4.jpg'),
(1772,'çç¾éçªç¾å¥³æ²»æç³»æ§æç¾å¥³ç§æ¿ç§ç','http://i1.whymtj.com/uploads/tu/201811/9999/ed063cad13.jpg'),
(1773,'çç¾éçªç¾å¥³æ²»æç³»æ§æç¾å¥³ç§æ¿ç§ç','http://i1.whymtj.com/uploads/tu/201811/9999/8e160ed7dc.jpg'),
(1774,'çç¾éçªç¾å¥³æ²»æç³»æ§æç¾å¥³ç§æ¿ç§ç','http://i1.whymtj.com/uploads/tu/201811/9999/30907d180e.jpg'),
(1775,'çç¾éçªç¾å¥³æ²»æç³»æ§æç¾å¥³ç§æ¿ç§ç','http://i1.whymtj.com/uploads/tu/201811/9999/9ad860bf6c.jpg'),
(1776,'çç¾éçªç¾å¥³æ²»æç³»æ§æç¾å¥³ç§æ¿ç§ç','http://i1.whymtj.com/uploads/tu/201811/9999/50dfdf003f.jpg'),
(1777,'å½äº§åæ°å°å¥³çç¾æ¸æ°æ°è´¨ç¾å¥³åç','http://i1.whymtj.com/uploads/tu/201812/9999/0fd3149dfe.jpg'),
(1778,'å½äº§åæ°å°å¥³çç¾æ¸æ°æ°è´¨ç¾å¥³åç','http://i1.whymtj.com/uploads/tu/201812/9999/2c656117ae.jpg'),
(1779,'å½äº§åæ°å°å¥³çç¾æ¸æ°æ°è´¨ç¾å¥³åç','http://i1.whymtj.com/uploads/tu/201812/9999/f1337610b6.jpg'),
(1780,'å½äº§åæ°å°å¥³çç¾æ¸æ°æ°è´¨ç¾å¥³åç','http://i1.whymtj.com/uploads/tu/201812/9999/4ee160d3e1.jpg'),
(1781,'å½äº§åæ°å°å¥³çç¾æ¸æ°æ°è´¨ç¾å¥³åç','http://i1.whymtj.com/uploads/tu/201812/9999/33003e92e8.jpg'),
(1782,'å½äº§åæ°å°å¥³çç¾æ¸æ°æ°è´¨ç¾å¥³åç','http://i1.whymtj.com/uploads/tu/201812/9999/3cd47e88b7.jpg'),
(1783,'å½äº§åæ°å°å¥³çç¾æ¸æ°æ°è´¨ç¾å¥³åç','http://i1.whymtj.com/uploads/tu/201812/9999/d83e8356ed.jpg'),
(1784,'å½äº§åæ°å°å¥³çç¾æ¸æ°æ°è´¨ç¾å¥³åç','http://i1.whymtj.com/uploads/tu/201812/9999/2c76c45d46.jpg'),
(1785,'å­¦å§å¶æè¯±æç¾å¥³å«©å¦¹æ²»æç³»éªç½é³åæ§æå¾ç','http://i1.whymtj.com/uploads/tu/201810/9999/b39aa9a650.jpg'),
(1786,'å­¦å§å¶æè¯±æç¾å¥³å«©å¦¹æ²»æç³»éªç½é³åæ§æå¾ç','http://i1.whymtj.com/uploads/tu/201810/9999/45e860383c.jpg'),
(1787,'å­¦å§å¶æè¯±æç¾å¥³å«©å¦¹æ²»æç³»éªç½é³åæ§æå¾ç','http://i1.whymtj.com/uploads/tu/201810/9999/051e1ddbe4.jpg'),
(1788,'å­¦å§å¶æè¯±æç¾å¥³å«©å¦¹æ²»æç³»éªç½é³åæ§æå¾ç','http://i1.whymtj.com/uploads/tu/201810/9999/5f204ebaec.jpg'),
(1789,'å­¦å§å¶æè¯±æç¾å¥³å«©å¦¹æ²»æç³»éªç½é³åæ§æå¾ç','http://i1.whymtj.com/uploads/tu/201810/9999/33e6921bac.jpg'),
(1790,'å­¦å§å¶æè¯±æç¾å¥³å«©å¦¹æ²»æç³»éªç½é³åæ§æå¾ç','http://i1.whymtj.com/uploads/tu/201810/9999/bdff722040.jpg'),
(1791,'å­¦å§å¶æè¯±æç¾å¥³å«©å¦¹æ²»æç³»éªç½é³åæ§æå¾ç','http://i1.whymtj.com/uploads/tu/201810/9999/447a2de600.jpg'),
(1792,'å­¦å§å¶æè¯±æç¾å¥³å«©å¦¹æ²»æç³»éªç½é³åæ§æå¾ç','http://i1.whymtj.com/uploads/tu/201810/9999/517bf0ecaf.jpg'),
(1793,'æåäºæ´²å¤§é¿è¿ç¾å¥³æ¨¡ç¹å¦å¨è¯±äººæ§æåç','http://i1.whymtj.com/uploads/tu/201902/9999/a9ad454a08.jpg'),
(1794,'æåäºæ´²å¤§é¿è¿ç¾å¥³æ¨¡ç¹å¦å¨è¯±äººæ§æåç','http://i1.whymtj.com/uploads/tu/201902/9999/31f7857bfe.jpg'),
(1795,'æåäºæ´²å¤§é¿è¿ç¾å¥³æ¨¡ç¹å¦å¨è¯±äººæ§æåç','http://i1.whymtj.com/uploads/tu/201902/9999/1fd1964abc.jpg'),
(1796,'æåäºæ´²å¤§é¿è¿ç¾å¥³æ¨¡ç¹å¦å¨è¯±äººæ§æåç','http://i1.whymtj.com/uploads/tu/201902/9999/495d4e1d5b.jpg'),
(1797,'æåäºæ´²å¤§é¿è¿ç¾å¥³æ¨¡ç¹å¦å¨è¯±äººæ§æåç','http://i1.whymtj.com/uploads/tu/201902/9999/f5ed8735fb.jpg'),
(1798,'æåäºæ´²å¤§é¿è¿ç¾å¥³æ¨¡ç¹å¦å¨è¯±äººæ§æåç','http://i1.whymtj.com/uploads/tu/201902/9999/6c531438c0.jpg'),
(1799,'æåäºæ´²å¤§é¿è¿ç¾å¥³æ¨¡ç¹å¦å¨è¯±äººæ§æåç','http://i1.whymtj.com/uploads/tu/201902/9999/cd6fdf67d0.jpg'),
(1800,'æåäºæ´²å¤§é¿è¿ç¾å¥³æ¨¡ç¹å¦å¨è¯±äººæ§æåç','http://i1.whymtj.com/uploads/tu/201902/9999/238ae3f933.jpg'),
(1801,'æåäºæ´²å¤§é¿è¿ç¾å¥³æ¨¡ç¹å¦å¨è¯±äººæ§æåç','http://i1.whymtj.com/uploads/tu/201902/9999/f82aee4075.jpg'),
(1802,'æåäºæ´²å¤§é¿è¿ç¾å¥³æ¨¡ç¹å¦å¨è¯±äººæ§æåç','http://i1.whymtj.com/uploads/tu/201902/9999/78c0171ec9.jpg'),
(1803,'æåäºæ´²å¤§é¿è¿ç¾å¥³æ¨¡ç¹å¦å¨è¯±äººæ§æåç','http://i1.whymtj.com/uploads/tu/201902/9999/b30ebba198.jpg'),
(1804,'æåäºæ´²å¤§é¿è¿ç¾å¥³æ¨¡ç¹å¦å¨è¯±äººæ§æåç','http://i1.whymtj.com/uploads/tu/201902/9999/acd3c61cd5.jpg'),
(1805,'æåäºæ´²å¤§é¿è¿ç¾å¥³æ¨¡ç¹å¦å¨è¯±äººæ§æåç','http://i1.whymtj.com/uploads/tu/201902/9999/016f4b7242.jpg'),
(1806,'æåäºæ´²å¤§é¿è¿ç¾å¥³æ¨¡ç¹å¦å¨è¯±äººæ§æåç','http://i1.whymtj.com/uploads/tu/201902/9999/f04dfb1ed7.jpg'),
(1807,'æåäºæ´²å¤§é¿è¿ç¾å¥³æ¨¡ç¹å¦å¨è¯±äººæ§æåç','http://i1.whymtj.com/uploads/tu/201902/9999/ef03a4e728.jpg'),
(1808,'æåäºæ´²å¤§é¿è¿ç¾å¥³æ¨¡ç¹å¦å¨è¯±äººæ§æåç','http://i1.whymtj.com/uploads/tu/201902/9999/f49de5cec5.jpg'),
(1809,'ç¥éç¾å¥³ä¹¦æ¿åå¸¦ç¡è£å¯ç¾åç','http://i1.whymtj.com/uploads/tu/201811/9999/3f7436d7c8.jpg'),
(1810,'ç¥éç¾å¥³ä¹¦æ¿åå¸¦ç¡è£å¯ç¾åç','http://i1.whymtj.com/uploads/tu/201811/9999/10171a4910.jpg'),
(1811,'ç¥éç¾å¥³ä¹¦æ¿åå¸¦ç¡è£å¯ç¾åç','http://i1.whymtj.com/uploads/tu/201811/9999/602b7278f3.jpg'),
(1812,'ç¥éç¾å¥³ä¹¦æ¿åå¸¦ç¡è£å¯ç¾åç','http://i1.whymtj.com/uploads/tu/201811/9999/676872e94d.jpg'),
(1813,'ç¥éç¾å¥³ä¹¦æ¿åå¸¦ç¡è£å¯ç¾åç','http://i1.whymtj.com/uploads/tu/201811/9999/06930acc06.jpg'),
(1814,'ç¥éç¾å¥³ä¹¦æ¿åå¸¦ç¡è£å¯ç¾åç','http://i1.whymtj.com/uploads/tu/201811/9999/547eb79844.jpg'),
(1815,'ç¥éç¾å¥³ä¹¦æ¿åå¸¦ç¡è£å¯ç¾åç','http://i1.whymtj.com/uploads/tu/201811/9999/3a4b739026.jpg'),
(1816,'ç¥éç¾å¥³ä¹¦æ¿åå¸¦ç¡è£å¯ç¾åç','http://i1.whymtj.com/uploads/tu/201811/9999/747667db90.jpg'),
(1817,'ç¥éç¾å¥³ä¹¦æ¿åå¸¦ç¡è£å¯ç¾åç','http://i1.whymtj.com/uploads/tu/201811/9999/9ba1b58c2e.jpg'),
(1818,'ç¥éç¾å¥³ä¹¦æ¿åå¸¦ç¡è£å¯ç¾åç','http://i1.whymtj.com/uploads/tu/201811/9999/18881855dc.jpg'),
(1819,'ç¥éç¾å¥³ä¹¦æ¿åå¸¦ç¡è£å¯ç¾åç','http://i1.whymtj.com/uploads/tu/201811/9999/17d8c9ec43.jpg'),
(1820,'é³åå°å¥³æ ¡å­å¶æè¯±ææ§æåç','http://i1.whymtj.com/uploads/tu/201811/9999/876f8984e4.jpg'),
(1821,'é³åå°å¥³æ ¡å­å¶æè¯±ææ§æåç','http://i1.whymtj.com/uploads/tu/201811/9999/84d9e62f2e.jpg'),
(1822,'é³åå°å¥³æ ¡å­å¶æè¯±ææ§æåç','http://i1.whymtj.com/uploads/tu/201811/9999/2dd2069957.jpg'),
(1823,'é³åå°å¥³æ ¡å­å¶æè¯±ææ§æåç','http://i1.whymtj.com/uploads/tu/201811/9999/e12db8f4e3.jpg'),
(1824,'é³åå°å¥³æ ¡å­å¶æè¯±ææ§æåç','http://i1.whymtj.com/uploads/tu/201811/9999/58d61fdcd9.jpg'),
(1825,'é³åå°å¥³æ ¡å­å¶æè¯±ææ§æåç','http://i1.whymtj.com/uploads/tu/201811/9999/12e0185dee.jpg'),
(1826,'é³åå°å¥³æ ¡å­å¶æè¯±ææ§æåç','http://i1.whymtj.com/uploads/tu/201811/9999/adfb6ee488.jpg'),
(1827,'é³åå°å¥³æ ¡å­å¶æè¯±ææ§æåç','http://i1.whymtj.com/uploads/tu/201811/9999/12fc6ffef6.jpg'),
(1828,'æ§æç¾å¥³é«æå¤§é¿è¿æåè¯±æåç','http://i1.whymtj.com/uploads/tu/201812/9999/426fa53e46.jpg'),
(1829,'æ§æç¾å¥³é«æå¤§é¿è¿æåè¯±æåç','http://i1.whymtj.com/uploads/tu/201812/9999/53ed73ee2a.jpg'),
(1830,'æ§æç¾å¥³é«æå¤§é¿è¿æåè¯±æåç','http://i1.whymtj.com/uploads/tu/201812/9999/b90284e209.jpg'),
(1831,'æ§æç¾å¥³é«æå¤§é¿è¿æåè¯±æåç','http://i1.whymtj.com/uploads/tu/201812/9999/4f9ebfcb0a.jpg'),
(1832,'æ§æç¾å¥³é«æå¤§é¿è¿æåè¯±æåç','http://i1.whymtj.com/uploads/tu/201812/9999/60f17dd79b.jpg'),
(1833,'æ§æç¾å¥³é«æå¤§é¿è¿æåè¯±æåç','http://i1.whymtj.com/uploads/tu/201812/9999/86e6e01313.jpg'),
(1834,'æ§æç¾å¥³é«æå¤§é¿è¿æåè¯±æåç','http://i1.whymtj.com/uploads/tu/201812/9999/07426653a6.jpg'),
(1835,'é«å·ä¸°æ»¡è´µå¦æ°è´¨å¥³ç¥è°­åæ§ææ ¼å­é¿è£éæ§åç','http://i1.whymtj.com/uploads/tu/201810/9999/b5016d13af.jpg'),
(1836,'é«å·ä¸°æ»¡è´µå¦æ°è´¨å¥³ç¥è°­åæ§ææ ¼å­é¿è£éæ§åç','http://i1.whymtj.com/uploads/tu/201810/9999/9cc1525104.jpg'),
(1837,'é«å·ä¸°æ»¡è´µå¦æ°è´¨å¥³ç¥è°­åæ§ææ ¼å­é¿è£éæ§åç','http://i1.whymtj.com/uploads/tu/201810/9999/25dda72e0d.jpg'),
(1838,'åèæ¸çº¯è½¯å¦¹ç½è²åå¸¦ç¡è¡£å±å®¶åç','http://i1.whymtj.com/uploads/tu/201811/9999/395f1c5fee.jpg'),
(1839,'åèæ¸çº¯è½¯å¦¹ç½è²åå¸¦ç¡è¡£å±å®¶åç','http://i1.whymtj.com/uploads/tu/201811/9999/4af6856f29.jpg'),
(1840,'åèæ¸çº¯è½¯å¦¹ç½è²åå¸¦ç¡è¡£å±å®¶åç','http://i1.whymtj.com/uploads/tu/201811/9999/b831b1a4bd.jpg'),
(1841,'åèæ¸çº¯è½¯å¦¹ç½è²åå¸¦ç¡è¡£å±å®¶åç','http://i1.whymtj.com/uploads/tu/201811/9999/0d704c2d6e.jpg'),
(1842,'åèæ¸çº¯è½¯å¦¹ç½è²åå¸¦ç¡è¡£å±å®¶åç','http://i1.whymtj.com/uploads/tu/201811/9999/940b02d9c3.jpg'),
(1843,'åèæ¸çº¯è½¯å¦¹ç½è²åå¸¦ç¡è¡£å±å®¶åç','http://i1.whymtj.com/uploads/tu/201811/9999/03eaa9f7f7.jpg'),
(1844,'åèæ¸çº¯è½¯å¦¹ç½è²åå¸¦ç¡è¡£å±å®¶åç','http://i1.whymtj.com/uploads/tu/201811/9999/a2124bce8a.jpg'),
(1845,'åèæ¸çº¯è½¯å¦¹ç½è²åå¸¦ç¡è¡£å±å®¶åç','http://i1.whymtj.com/uploads/tu/201811/9999/0e3982ea8a.jpg'),
(1846,'åèæ¸çº¯è½¯å¦¹ç½è²åå¸¦ç¡è¡£å±å®¶åç','http://i1.whymtj.com/uploads/tu/201811/9999/f0092ea2c9.jpg'),
(1847,'åèæ¸çº¯è½¯å¦¹ç½è²åå¸¦ç¡è¡£å±å®¶åç','http://i1.whymtj.com/uploads/tu/201811/9999/75b05f3ef5.jpg'),
(1848,'åèæ¸çº¯è½¯å¦¹ç½è²åå¸¦ç¡è¡£å±å®¶åç','http://i1.whymtj.com/uploads/tu/201811/9999/00e8548cf9.jpg'),
(1849,'åèæ¸çº¯è½¯å¦¹ç½è²åå¸¦ç¡è¡£å±å®¶åç','http://i1.whymtj.com/uploads/tu/201811/9999/fe1cd61ae5.jpg'),
(1850,'åèæ¸çº¯è½¯å¦¹ç½è²åå¸¦ç¡è¡£å±å®¶åç','http://i1.whymtj.com/uploads/tu/201811/9999/ddefc17fcb.jpg'),
(1851,'åèæ¸çº¯è½¯å¦¹ç½è²åå¸¦ç¡è¡£å±å®¶åç','http://i1.whymtj.com/uploads/tu/201811/9999/64550fa957.jpg'),
(1852,'åèæ¸çº¯è½¯å¦¹ç½è²åå¸¦ç¡è¡£å±å®¶åç','http://i1.whymtj.com/uploads/tu/201811/9999/6e66c21d4b.jpg'),
(1853,'å¹²åæ¸æ°ç­åç¾å¥³æ¸©é¦¨å®¤ååçç§','http://i1.whymtj.com/uploads/tu/201811/9999/5d93dee20c.jpg'),
(1854,'å¹²åæ¸æ°ç­åç¾å¥³æ¸©é¦¨å®¤ååçç§','http://i1.whymtj.com/uploads/tu/201811/9999/4d6472a270.jpg'),
(1855,'å¹²åæ¸æ°ç­åç¾å¥³æ¸©é¦¨å®¤ååçç§','http://i1.whymtj.com/uploads/tu/201811/9999/40a7cc93f9.jpg'),
(1856,'å¹²åæ¸æ°ç­åç¾å¥³æ¸©é¦¨å®¤ååçç§','http://i1.whymtj.com/uploads/tu/201811/9999/92f1a5fadb.jpg'),
(1857,'å¹²åæ¸æ°ç­åç¾å¥³æ¸©é¦¨å®¤ååçç§','http://i1.whymtj.com/uploads/tu/201811/9999/1f169f05be.jpg'),
(1858,'å¹²åæ¸æ°ç­åç¾å¥³æ¸©é¦¨å®¤ååçç§','http://i1.whymtj.com/uploads/tu/201811/9999/89f7023948.jpg'),
(1859,'å¹²åæ¸æ°ç­åç¾å¥³æ¸©é¦¨å®¤ååçç§','http://i1.whymtj.com/uploads/tu/201811/9999/cede09cda0.jpg'),
(1860,'å¹²åæ¸æ°ç­åç¾å¥³æ¸©é¦¨å®¤ååçç§','http://i1.whymtj.com/uploads/tu/201811/9999/291b02048a.jpg'),
(1861,'å¹²åæ¸æ°ç­åç¾å¥³æ¸©é¦¨å®¤ååçç§','http://i1.whymtj.com/uploads/tu/201811/9999/e4e62b25cb.jpg'),
(1862,'å¹²åæ¸æ°ç­åç¾å¥³æ¸©é¦¨å®¤ååçç§','http://i1.whymtj.com/uploads/tu/201811/9999/d7105483d4.jpg'),
(1863,'ç½è¡£å¤©ä½¿æ°è´¨ç¾å¥³å¬å­å¯ç¾å¤§ç¼æ¨±æ¡å°å´è¯±æå¾ç','http://i1.whymtj.com/uploads/tu/201810/9999/bf4894023c.jpg'),
(1864,'ç½è¡£å¤©ä½¿æ°è´¨ç¾å¥³å¬å­å¯ç¾å¤§ç¼æ¨±æ¡å°å´è¯±æå¾ç','http://i1.whymtj.com/uploads/tu/201810/9999/422ca22a25.jpg'),
(1865,'ç½è¡£å¤©ä½¿æ°è´¨ç¾å¥³å¬å­å¯ç¾å¤§ç¼æ¨±æ¡å°å´è¯±æå¾ç','http://i1.whymtj.com/uploads/tu/201810/9999/57fbb08039.jpg'),
(1866,'ç½è¡£å¤©ä½¿æ°è´¨ç¾å¥³å¬å­å¯ç¾å¤§ç¼æ¨±æ¡å°å´è¯±æå¾ç','http://i1.whymtj.com/uploads/tu/201810/9999/894669b6ba.jpg'),
(1867,'ç½è¡£å¤©ä½¿æ°è´¨ç¾å¥³å¬å­å¯ç¾å¤§ç¼æ¨±æ¡å°å´è¯±æå¾ç','http://i1.whymtj.com/uploads/tu/201810/9999/03c800445b.jpg'),
(1868,'ç½è¡£å¤©ä½¿æ°è´¨ç¾å¥³å¬å­å¯ç¾å¤§ç¼æ¨±æ¡å°å´è¯±æå¾ç','http://i1.whymtj.com/uploads/tu/201810/9999/fc7fad3eb6.jpg'),
(1869,'ç½è¡£å¤©ä½¿æ°è´¨ç¾å¥³å¬å­å¯ç¾å¤§ç¼æ¨±æ¡å°å´è¯±æå¾ç','http://i1.whymtj.com/uploads/tu/201810/9999/5e63584ba3.jpg'),
(1870,'ç½è¡£å¤©ä½¿æ°è´¨ç¾å¥³å¬å­å¯ç¾å¤§ç¼æ¨±æ¡å°å´è¯±æå¾ç','http://i1.whymtj.com/uploads/tu/201810/9999/8096da7b74.jpg'),
(1871,'æ¸çº¯å¤§ç¼èèç¾å¥³å¤©çä¸½è´¨å§¿è²å¦å¨å»ç¼æ¸ç§åç','http://i1.whymtj.com/uploads/tu/201810/9999/4d39fe74c3.jpg'),
(1872,'æ¸çº¯å¤§ç¼èèç¾å¥³å¤©çä¸½è´¨å§¿è²å¦å¨å»ç¼æ¸ç§åç','http://i1.whymtj.com/uploads/tu/201810/9999/98eb656674.jpg'),
(1873,'æ¸çº¯å¤§ç¼èèç¾å¥³å¤©çä¸½è´¨å§¿è²å¦å¨å»ç¼æ¸ç§åç','http://i1.whymtj.com/uploads/tu/201810/9999/dde65d6ef6.jpg'),
(1874,'æ¸çº¯å¤§ç¼èèç¾å¥³å¤©çä¸½è´¨å§¿è²å¦å¨å»ç¼æ¸ç§åç','http://i1.whymtj.com/uploads/tu/201810/9999/fbd0514f67.jpg'),
(1875,'æ¸çº¯å¤§ç¼èèç¾å¥³å¤©çä¸½è´¨å§¿è²å¦å¨å»ç¼æ¸ç§åç','http://i1.whymtj.com/uploads/tu/201810/9999/f6f879d229.jpg'),
(1876,'æ¸çº¯å¤§ç¼èèç¾å¥³å¤©çä¸½è´¨å§¿è²å¦å¨å»ç¼æ¸ç§åç','http://i1.whymtj.com/uploads/tu/201810/9999/f11602c208.jpg'),
(1877,'æ¸çº¯å¤§ç¼èèç¾å¥³å¤©çä¸½è´¨å§¿è²å¦å¨å»ç¼æ¸ç§åç','http://i1.whymtj.com/uploads/tu/201810/9999/b1a7258b34.jpg'),
(1878,'å½äº§ç½çº¢ç¾å¥³ä¸°æ»¡å¤§è¸ç¾è¿A4è°å¯ç¾ææåç','http://i1.whymtj.com/uploads/tu/201901/9999/98b8c206a4.jpg'),
(1879,'å½äº§ç½çº¢ç¾å¥³ä¸°æ»¡å¤§è¸ç¾è¿A4è°å¯ç¾ææåç','http://i1.whymtj.com/uploads/tu/201901/9999/8a095efea1.jpg'),
(1880,'å½äº§ç½çº¢ç¾å¥³ä¸°æ»¡å¤§è¸ç¾è¿A4è°å¯ç¾ææåç','http://i1.whymtj.com/uploads/tu/201901/9999/35dbba7ee6.jpg'),
(1881,'å½äº§ç½çº¢ç¾å¥³ä¸°æ»¡å¤§è¸ç¾è¿A4è°å¯ç¾ææåç','http://i1.whymtj.com/uploads/tu/201901/9999/fb71e6390f.jpg'),
(1882,'å½äº§ç½çº¢ç¾å¥³ä¸°æ»¡å¤§è¸ç¾è¿A4è°å¯ç¾ææåç','http://i1.whymtj.com/uploads/tu/201901/9999/ceed9c5e60.jpg'),
(1883,'å½äº§ç½çº¢ç¾å¥³ä¸°æ»¡å¤§è¸ç¾è¿A4è°å¯ç¾ææåç','http://i1.whymtj.com/uploads/tu/201901/9999/0fc0b869d1.jpg'),
(1884,'å½äº§ç½çº¢ç¾å¥³ä¸°æ»¡å¤§è¸ç¾è¿A4è°å¯ç¾ææåç','http://i1.whymtj.com/uploads/tu/201901/9999/e14fe05c0f.jpg'),
(1885,'å½äº§ç½çº¢ç¾å¥³ä¸°æ»¡å¤§è¸ç¾è¿A4è°å¯ç¾ææåç','http://i1.whymtj.com/uploads/tu/201901/9999/916cbb7c50.jpg'),
(1886,'å½äº§ç½çº¢ç¾å¥³ä¸°æ»¡å¤§è¸ç¾è¿A4è°å¯ç¾ææåç','http://i1.whymtj.com/uploads/tu/201901/9999/3b13181a50.jpg'),
(1887,'å½äº§ç½çº¢ç¾å¥³ä¸°æ»¡å¤§è¸ç¾è¿A4è°å¯ç¾ææåç','http://i1.whymtj.com/uploads/tu/201901/9999/c711e7f826.jpg'),
(1888,'å½äº§ç½çº¢ç¾å¥³ä¸°æ»¡å¤§è¸ç¾è¿A4è°å¯ç¾ææåç','http://i1.whymtj.com/uploads/tu/201901/9999/d5d716e695.jpg'),
(1889,'å½äº§ç½çº¢ç¾å¥³ä¸°æ»¡å¤§è¸ç¾è¿A4è°å¯ç¾ææåç','http://i1.whymtj.com/uploads/tu/201901/9999/f33e455e7a.jpg'),
(1890,'å½äº§ç½çº¢ç¾å¥³ä¸°æ»¡å¤§è¸ç¾è¿A4è°å¯ç¾ææåç','http://i1.whymtj.com/uploads/tu/201901/9999/7f707e8726.jpg'),
(1891,'å½äº§ç½çº¢ç¾å¥³ä¸°æ»¡å¤§è¸ç¾è¿A4è°å¯ç¾ææåç','http://i1.whymtj.com/uploads/tu/201901/9999/ccfe5813f1.jpg'),
(1892,'å½äº§ç¾å¥³å°èèä¿ç®å¯ç±ç½çç¾è¿ç§æ¿åç','http://i1.whymtj.com/uploads/tu/201812/9999/8bbad17d5e.jpg'),
(1893,'å½äº§ç¾å¥³å°èèä¿ç®å¯ç±ç½çç¾è¿ç§æ¿åç','http://i1.whymtj.com/uploads/tu/201812/9999/88859ec391.jpg'),
(1894,'å½äº§ç¾å¥³å°èèä¿ç®å¯ç±ç½çç¾è¿ç§æ¿åç','http://i1.whymtj.com/uploads/tu/201812/9999/bbaaa0bc1e.jpg'),
(1895,'å½äº§ç¾å¥³å°èèä¿ç®å¯ç±ç½çç¾è¿ç§æ¿åç','http://i1.whymtj.com/uploads/tu/201812/9999/fe905adbb0.jpg'),
(1896,'å½äº§ç¾å¥³å°èèä¿ç®å¯ç±ç½çç¾è¿ç§æ¿åç','http://i1.whymtj.com/uploads/tu/201812/9999/37fcaaf093.jpg'),
(1897,'å½äº§ç¾å¥³å°èèä¿ç®å¯ç±ç½çç¾è¿ç§æ¿åç','http://i1.whymtj.com/uploads/tu/201812/9999/6a773e8254.jpg'),
(1898,'å½äº§ç¾å¥³å°èèä¿ç®å¯ç±ç½çç¾è¿ç§æ¿åç','http://i1.whymtj.com/uploads/tu/201812/9999/137a7ab67a.jpg'),
(1899,'å½äº§ç¾å¥³å°èèä¿ç®å¯ç±ç½çç¾è¿ç§æ¿åç','http://i1.whymtj.com/uploads/tu/201812/9999/b9e693f40d.jpg'),
(1900,'å½äº§ç¾å¥³å°èèä¿ç®å¯ç±ç½çç¾è¿ç§æ¿åç','http://i1.whymtj.com/uploads/tu/201812/9999/d6714aaeb9.jpg'),
(1901,'å½äº§ç¾å¥³å°èèä¿ç®å¯ç±ç½çç¾è¿ç§æ¿åç','http://i1.whymtj.com/uploads/tu/201812/9999/92e2dad69c.jpg'),
(1902,'å½äº§ç¾å¥³å°èèä¿ç®å¯ç±ç½çç¾è¿ç§æ¿åç','http://i1.whymtj.com/uploads/tu/201812/9999/c82de166fb.jpg'),
(1903,'ä¸ªæ§ç¾çæä½©æ¡è¿·äººçµç¼åæºåå³°è¯±æå¾ç','http://i1.whymtj.com/uploads/tu/201810/9999/70e969b401.jpg'),
(1904,'ä¸ªæ§ç¾çæä½©æ¡è¿·äººçµç¼åæºåå³°è¯±æå¾ç','http://i1.whymtj.com/uploads/tu/201810/9999/ce6ac81e3e.jpg'),
(1905,'ä¸ªæ§ç¾çæä½©æ¡è¿·äººçµç¼åæºåå³°è¯±æå¾ç','http://i1.whymtj.com/uploads/tu/201810/9999/0a72297243.jpg'),
(1906,'ä¸ªæ§ç¾çæä½©æ¡è¿·äººçµç¼åæºåå³°è¯±æå¾ç','http://i1.whymtj.com/uploads/tu/201810/9999/70e969b401.jpg'),
(1907,'ä¸ªæ§ç¾çæä½©æ¡è¿·äººçµç¼åæºåå³°è¯±æå¾ç','http://i1.whymtj.com/uploads/tu/201810/9999/ce6ac81e3e.jpg'),
(1908,'ä¸ªæ§ç¾çæä½©æ¡è¿·äººçµç¼åæºåå³°è¯±æå¾ç','http://i1.whymtj.com/uploads/tu/201810/9999/c660ff5a69.jpg'),
(1909,'ä¸ªæ§ç¾çæä½©æ¡è¿·äººçµç¼åæºåå³°è¯±æå¾ç','http://i1.whymtj.com/uploads/tu/201810/9999/24b3ee73b8.jpg'),
(1910,'ä¸ªæ§ç¾çæä½©æ¡è¿·äººçµç¼åæºåå³°è¯±æå¾ç','http://i1.whymtj.com/uploads/tu/201810/9999/35ad25fe95.jpg'),
(1911,'ä¸ªæ§ç¾çæä½©æ¡è¿·äººçµç¼åæºåå³°è¯±æå¾ç','http://i1.whymtj.com/uploads/tu/201810/9999/e5c8eec3cd.jpg'),
(1912,'ä¸ªæ§ç¾çæä½©æ¡è¿·äººçµç¼åæºåå³°è¯±æå¾ç','http://i1.whymtj.com/uploads/tu/201810/9999/fdd6483ee5.jpg'),
(1913,'ä¸ªæ§ç¾çæä½©æ¡è¿·äººçµç¼åæºåå³°è¯±æå¾ç','http://i1.whymtj.com/uploads/tu/201810/9999/2a0a85d857.jpg'),
(1914,'ä¸ªæ§ç¾çæä½©æ¡è¿·äººçµç¼åæºåå³°è¯±æå¾ç','http://i1.whymtj.com/uploads/tu/201810/9999/5c47e47ddd.jpg'),
(1915,'ä¸ªæ§ç¾çæä½©æ¡è¿·äººçµç¼åæºåå³°è¯±æå¾ç','http://i1.whymtj.com/uploads/tu/201810/9999/34d58d6a6f.jpg'),
(1916,'ä¸ªæ§ç¾çæä½©æ¡è¿·äººçµç¼åæºåå³°è¯±æå¾ç','http://i1.whymtj.com/uploads/tu/201810/9999/bfbdee2416.jpg'),
(1917,'ä¸ªæ§ç¾çæä½©æ¡è¿·äººçµç¼åæºåå³°è¯±æå¾ç','http://i1.whymtj.com/uploads/tu/201810/9999/d2fc1ae875.jpg'),
(1918,'ä¸ªæ§ç¾çæä½©æ¡è¿·äººçµç¼åæºåå³°è¯±æå¾ç','http://i1.whymtj.com/uploads/tu/201810/9999/fb02869617.jpg'),
(1919,'ä¸ªæ§ç¾çæä½©æ¡è¿·äººçµç¼åæºåå³°è¯±æå¾ç','http://i1.whymtj.com/uploads/tu/201810/9999/aefda04de9.jpg'),
(1920,'æ²»æç³»ç¾å¥³é¿æ¯è¡£æ§æç­è£¤ç¾ä¹³ç¿èå¨å¨è¸è¯±æå¾ç','http://i1.whymtj.com/uploads/tu/201810/9999/96b5e93fcf.jpg'),
(1921,'æ²»æç³»ç¾å¥³é¿æ¯è¡£æ§æç­è£¤ç¾ä¹³ç¿èå¨å¨è¸è¯±æå¾ç','http://i1.whymtj.com/uploads/tu/201810/9999/3363585a4f.jpg'),
(1922,'æ²»æç³»ç¾å¥³é¿æ¯è¡£æ§æç­è£¤ç¾ä¹³ç¿èå¨å¨è¸è¯±æå¾ç','http://i1.whymtj.com/uploads/tu/201810/9999/4dc5a416c0.jpg'),
(1923,'æ²»æç³»ç¾å¥³é¿æ¯è¡£æ§æç­è£¤ç¾ä¹³ç¿èå¨å¨è¸è¯±æå¾ç','http://i1.whymtj.com/uploads/tu/201810/9999/95e16f4dd7.jpg'),
(1924,'æ²»æç³»ç¾å¥³é¿æ¯è¡£æ§æç­è£¤ç¾ä¹³ç¿èå¨å¨è¸è¯±æå¾ç','http://i1.whymtj.com/uploads/tu/201810/9999/fa7000e4b0.jpg'),
(1925,'æ²»æç³»ç¾å¥³é¿æ¯è¡£æ§æç­è£¤ç¾ä¹³ç¿èå¨å¨è¸è¯±æå¾ç','http://i1.whymtj.com/uploads/tu/201810/9999/c3bf90b44f.jpg'),
(1926,'æ²»æç³»ç¾å¥³é¿æ¯è¡£æ§æç­è£¤ç¾ä¹³ç¿èå¨å¨è¸è¯±æå¾ç','http://i1.whymtj.com/uploads/tu/201810/9999/b43ab26d98.jpg'),
(1927,'æ²»æç³»ç¾å¥³é¿æ¯è¡£æ§æç­è£¤ç¾ä¹³ç¿èå¨å¨è¸è¯±æå¾ç','http://i1.whymtj.com/uploads/tu/201810/9999/fe1fc52788.jpg'),
(1928,'ç­åå°å¥³ç¾è¿æ§æå¦è¸é²ä¹³å¦©åªéªç½å¥å¾åç','http://i1.whymtj.com/uploads/tu/201810/9999/cbdf1eecf8.jpg'),
(1929,'ç­åå°å¥³ç¾è¿æ§æå¦è¸é²ä¹³å¦©åªéªç½å¥å¾åç','http://i1.whymtj.com/uploads/tu/201810/9999/a756cf6646.jpg'),
(1930,'ç­åå°å¥³ç¾è¿æ§æå¦è¸é²ä¹³å¦©åªéªç½å¥å¾åç','http://i1.whymtj.com/uploads/tu/201810/9999/f73c21d399.jpg'),
(1931,'ç­åå°å¥³ç¾è¿æ§æå¦è¸é²ä¹³å¦©åªéªç½å¥å¾åç','http://i1.whymtj.com/uploads/tu/201810/9999/f46cc1c90b.jpg'),
(1932,'ç­åå°å¥³ç¾è¿æ§æå¦è¸é²ä¹³å¦©åªéªç½å¥å¾åç','http://i1.whymtj.com/uploads/tu/201810/9999/1133cb6e8a.jpg'),
(1933,'ç­åå°å¥³ç¾è¿æ§æå¦è¸é²ä¹³å¦©åªéªç½å¥å¾åç','http://i1.whymtj.com/uploads/tu/201810/9999/e235922ba5.jpg'),
(1934,'ç­åå°å¥³ç¾è¿æ§æå¦è¸é²ä¹³å¦©åªéªç½å¥å¾åç','http://i1.whymtj.com/uploads/tu/201810/9999/292725d054.jpg'),
(1935,'ç­åå°å¥³ç¾è¿æ§æå¦è¸é²ä¹³å¦©åªéªç½å¥å¾åç','http://i1.whymtj.com/uploads/tu/201810/9999/39e1807550.jpg'),
(1936,'æåå°¤ç©ç¾å¥³æ¡æ¿æ§æå¤§ç½è¿æ©åå»ç¼è¯±æå¾ç','http://i1.whymtj.com/uploads/tu/201810/9999/4a9fd159ca.jpg'),
(1937,'æåå°¤ç©ç¾å¥³æ¡æ¿æ§æå¤§ç½è¿æ©åå»ç¼è¯±æå¾ç','http://i1.whymtj.com/uploads/tu/201810/9999/6cdd739fe1.jpg'),
(1938,'æåå°¤ç©ç¾å¥³æ¡æ¿æ§æå¤§ç½è¿æ©åå»ç¼è¯±æå¾ç','http://i1.whymtj.com/uploads/tu/201810/9999/3b84a57785.jpg'),
(1939,'æåå°¤ç©ç¾å¥³æ¡æ¿æ§æå¤§ç½è¿æ©åå»ç¼è¯±æå¾ç','http://i1.whymtj.com/uploads/tu/201810/9999/7c207d577e.jpg'),
(1940,'æåå°¤ç©ç¾å¥³æ¡æ¿æ§æå¤§ç½è¿æ©åå»ç¼è¯±æå¾ç','http://i1.whymtj.com/uploads/tu/201810/9999/0ce9e4ffd5.jpg'),
(1941,'å¦©åªæ§æèº«å§¿ç¾å¥³å¤å¤ç¯å¢é³å°å¦å¨è¯±æå¾çåç','http://i1.whymtj.com/uploads/tu/201810/9999/6f45ca4bd5.jpg'),
(1942,'å¦©åªæ§æèº«å§¿ç¾å¥³å¤å¤ç¯å¢é³å°å¦å¨è¯±æå¾çåç','http://i1.whymtj.com/uploads/tu/201810/9999/6331db6242.jpg'),
(1943,'å¦©åªæ§æèº«å§¿ç¾å¥³å¤å¤ç¯å¢é³å°å¦å¨è¯±æå¾çåç','http://i1.whymtj.com/uploads/tu/201810/9999/cb0d9a6d3f.jpg'),
(1944,'å¦©åªæ§æèº«å§¿ç¾å¥³å¤å¤ç¯å¢é³å°å¦å¨è¯±æå¾çåç','http://i1.whymtj.com/uploads/tu/201810/9999/f74c42c327.jpg'),
(1945,'å¦©åªæ§æèº«å§¿ç¾å¥³å¤å¤ç¯å¢é³å°å¦å¨è¯±æå¾çåç','http://i1.whymtj.com/uploads/tu/201810/9999/389d52a927.jpg'),
(1946,'å¦©åªæ§æèº«å§¿ç¾å¥³å¤å¤ç¯å¢é³å°å¦å¨è¯±æå¾çåç','http://i1.whymtj.com/uploads/tu/201810/9999/f5f31902a2.jpg'),
(1947,'å¦©åªæ§æèº«å§¿ç¾å¥³å¤å¤ç¯å¢é³å°å¦å¨è¯±æå¾çåç','http://i1.whymtj.com/uploads/tu/201810/9999/256a7ce242.jpg'),
(1948,'å¦©åªæ§æèº«å§¿ç¾å¥³å¤å¤ç¯å¢é³å°å¦å¨è¯±æå¾çåç','http://i1.whymtj.com/uploads/tu/201810/9999/97e434aa3a.jpg'),
(1949,'ä¸­å½å°å®¶ç¢§çå¨å¨è¸ç¾å¥³å¨ç¾çç¾ç§æ¿åç','http://i1.whymtj.com/uploads/tu/201902/9999/45a8441c4d.jpg'),
(1950,'ä¸­å½å°å®¶ç¢§çå¨å¨è¸ç¾å¥³å¨ç¾çç¾ç§æ¿åç','http://i1.whymtj.com/uploads/tu/201902/9999/516e977169.jpg'),
(1951,'ä¸­å½å°å®¶ç¢§çå¨å¨è¸ç¾å¥³å¨ç¾çç¾ç§æ¿åç','http://i1.whymtj.com/uploads/tu/201902/9999/801d4ef14e.jpg'),
(1952,'ä¸­å½å°å®¶ç¢§çå¨å¨è¸ç¾å¥³å¨ç¾çç¾ç§æ¿åç','http://i1.whymtj.com/uploads/tu/201902/9999/1c65d0972f.jpg'),
(1953,'ä¸­å½å°å®¶ç¢§çå¨å¨è¸ç¾å¥³å¨ç¾çç¾ç§æ¿åç','http://i1.whymtj.com/uploads/tu/201902/9999/8d78838737.jpg'),
(1954,'ä¸­å½å°å®¶ç¢§çå¨å¨è¸ç¾å¥³å¨ç¾çç¾ç§æ¿åç','http://i1.whymtj.com/uploads/tu/201902/9999/c1d64c9951.jpg'),
(1955,'ä¸­å½å°å®¶ç¢§çå¨å¨è¸ç¾å¥³å¨ç¾çç¾ç§æ¿åç','http://i1.whymtj.com/uploads/tu/201902/9999/66134ed02d.jpg'),
(1956,'ä¸­å½å°å®¶ç¢§çå¨å¨è¸ç¾å¥³å¨ç¾çç¾ç§æ¿åç','http://i1.whymtj.com/uploads/tu/201902/9999/4b65625c5f.jpg'),
(1957,'æååå¸¦ç¡è¡£ç¾å¥³é¦è©å¤§ç¼å¯ç¾å°æ¸æ°åç','http://i1.whymtj.com/uploads/tu/201902/9999/9be7ef62ca.jpg'),
(1958,'æååå¸¦ç¡è¡£ç¾å¥³é¦è©å¤§ç¼å¯ç¾å°æ¸æ°åç','http://i1.whymtj.com/uploads/tu/201902/9999/1df254fdcb.jpg'),
(1959,'æååå¸¦ç¡è¡£ç¾å¥³é¦è©å¤§ç¼å¯ç¾å°æ¸æ°åç','http://i1.whymtj.com/uploads/tu/201902/9999/7048e8a185.jpg'),
(1960,'æååå¸¦ç¡è¡£ç¾å¥³é¦è©å¤§ç¼å¯ç¾å°æ¸æ°åç','http://i1.whymtj.com/uploads/tu/201902/9999/b1bdef9181.jpg'),
(1961,'æååå¸¦ç¡è¡£ç¾å¥³é¦è©å¤§ç¼å¯ç¾å°æ¸æ°åç','http://i1.whymtj.com/uploads/tu/201902/9999/6ec80399ab.jpg'),
(1962,'æååå¸¦ç¡è¡£ç¾å¥³é¦è©å¤§ç¼å¯ç¾å°æ¸æ°åç','http://i1.whymtj.com/uploads/tu/201902/9999/181d8a2c19.jpg'),
(1963,'æååå¸¦ç¡è¡£ç¾å¥³é¦è©å¤§ç¼å¯ç¾å°æ¸æ°åç','http://i1.whymtj.com/uploads/tu/201902/9999/06e968f0cc.jpg'),
(1964,'æååå¸¦ç¡è¡£ç¾å¥³é¦è©å¤§ç¼å¯ç¾å°æ¸æ°åç','http://i1.whymtj.com/uploads/tu/201902/9999/a2f76fd0ae.jpg'),
(1965,'æååå¸¦ç¡è¡£ç¾å¥³é¦è©å¤§ç¼å¯ç¾å°æ¸æ°åç','http://i1.whymtj.com/uploads/tu/201902/9999/cc9df59674.jpg'),
(1966,'æ§æç¿èç¾å¥³æ¢æ´åæºå¸ééä¸½æ¨±æ¡å°å´è¯±æå¾ç','http://i1.whymtj.com/uploads/tu/201810/9999/1f694fd724.jpg'),
(1967,'æ§æç¿èç¾å¥³æ¢æ´åæºå¸ééä¸½æ¨±æ¡å°å´è¯±æå¾ç','http://i1.whymtj.com/uploads/tu/201810/9999/a80a50c1f9.jpg'),
(1968,'æ§æç¿èç¾å¥³æ¢æ´åæºå¸ééä¸½æ¨±æ¡å°å´è¯±æå¾ç','http://i1.whymtj.com/uploads/tu/201810/9999/99ab4bfeae.jpg'),
(1969,'æ§æç¿èç¾å¥³æ¢æ´åæºå¸ééä¸½æ¨±æ¡å°å´è¯±æå¾ç','http://i1.whymtj.com/uploads/tu/201810/9999/c791d31b58.jpg'),
(1970,'æ§æç¿èç¾å¥³æ¢æ´åæºå¸ééä¸½æ¨±æ¡å°å´è¯±æå¾ç','http://i1.whymtj.com/uploads/tu/201810/9999/e0ff706d57.jpg'),
(1971,'æ§æç¿èç¾å¥³æ¢æ´åæºå¸ééä¸½æ¨±æ¡å°å´è¯±æå¾ç','http://i1.whymtj.com/uploads/tu/201810/9999/6af4381eba.jpg'),
(1972,'æ§æç¿èç¾å¥³æ¢æ´åæºå¸ééä¸½æ¨±æ¡å°å´è¯±æå¾ç','http://i1.whymtj.com/uploads/tu/201810/9999/e1167fc182.jpg'),
(1973,'æ§æç¿èç¾å¥³æ¢æ´åæºå¸ééä¸½æ¨±æ¡å°å´è¯±æå¾ç','http://i1.whymtj.com/uploads/tu/201810/9999/7014a3a62d.jpg'),
(1974,'ç½å«©ç¾å¥³å°¤ç©å°å¦¹ç«è¾£æ§ææééªæ°å¤§ç½è¿è¯±æ','http://i1.whymtj.com/uploads/tu/201810/9999/b975dc1b8b.jpg'),
(1975,'ç½å«©ç¾å¥³å°¤ç©å°å¦¹ç«è¾£æ§ææééªæ°å¤§ç½è¿è¯±æ','http://i1.whymtj.com/uploads/tu/201810/9999/59f815ceb2.jpg'),
(1976,'ç½å«©ç¾å¥³å°¤ç©å°å¦¹ç«è¾£æ§ææééªæ°å¤§ç½è¿è¯±æ','http://i1.whymtj.com/uploads/tu/201810/9999/625651e8e7.jpg'),
(1977,'ç½å«©ç¾å¥³å°¤ç©å°å¦¹ç«è¾£æ§ææééªæ°å¤§ç½è¿è¯±æ','http://i1.whymtj.com/uploads/tu/201810/9999/453d4b0020.jpg'),
(1978,'ç½å«©ç¾å¥³å°¤ç©å°å¦¹ç«è¾£æ§ææééªæ°å¤§ç½è¿è¯±æ','http://i1.whymtj.com/uploads/tu/201810/9999/232d97db17.jpg'),
(1979,'ç½å«©ç¾å¥³å°¤ç©å°å¦¹ç«è¾£æ§ææééªæ°å¤§ç½è¿è¯±æ','http://i1.whymtj.com/uploads/tu/201810/9999/1accfaad58.jpg'),
(1980,'ç½å«©ç¾å¥³å°¤ç©å°å¦¹ç«è¾£æ§ææééªæ°å¤§ç½è¿è¯±æ','http://i1.whymtj.com/uploads/tu/201810/9999/07ba66211f.jpg'),
(1981,'é£éµçå¥³å·è³æ°è´¨ç§æ¿åç','http://i1.whymtj.com/uploads/tu/201811/9999/703698b05f.jpg'),
(1982,'é£éµçå¥³å·è³æ°è´¨ç§æ¿åç','http://i1.whymtj.com/uploads/tu/201811/9999/e4d0c9f538.jpg'),
(1983,'é£éµçå¥³å·è³æ°è´¨ç§æ¿åç','http://i1.whymtj.com/uploads/tu/201811/9999/86c1f25045.jpg'),
(1984,'é£éµçå¥³å·è³æ°è´¨ç§æ¿åç','http://i1.whymtj.com/uploads/tu/201811/9999/cad8f53826.jpg'),
(1985,'é£éµçå¥³å·è³æ°è´¨ç§æ¿åç','http://i1.whymtj.com/uploads/tu/201811/9999/e9af9e337c.jpg'),
(1986,'é£éµçå¥³å·è³æ°è´¨ç§æ¿åç','http://i1.whymtj.com/uploads/tu/201811/9999/c7aec0ab0a.jpg'),
(1987,'é£éµçå¥³å·è³æ°è´¨ç§æ¿åç','http://i1.whymtj.com/uploads/tu/201811/9999/aaf0841cd1.jpg'),
(1988,'é£éµçå¥³å·è³æ°è´¨ç§æ¿åç','http://i1.whymtj.com/uploads/tu/201811/9999/1a54786840.jpg'),
(1989,'é»æå¥³ç¥ä½³å¦®é±æ©äººé»è£é«æ¸åç','http://i1.whymtj.com/uploads/tu/201811/9999/a4f0d3ebd6.jpg'),
(1990,'é»æå¥³ç¥ä½³å¦®é±æ©äººé»è£é«æ¸åç','http://i1.whymtj.com/uploads/tu/201811/9999/330a743857.jpg'),
(1991,'é»æå¥³ç¥ä½³å¦®é±æ©äººé»è£é«æ¸åç','http://i1.whymtj.com/uploads/tu/201811/9999/db9a3b5864.jpg'),
(1992,'é»æå¥³ç¥ä½³å¦®é±æ©äººé»è£é«æ¸åç','http://i1.whymtj.com/uploads/tu/201811/9999/eb4cb7e2eb.jpg'),
(1993,'é»æå¥³ç¥ä½³å¦®é±æ©äººé»è£é«æ¸åç','http://i1.whymtj.com/uploads/tu/201811/9999/55e27284e8.jpg'),
(1994,'é»æå¥³ç¥ä½³å¦®é±æ©äººé»è£é«æ¸åç','http://i1.whymtj.com/uploads/tu/201811/9999/c75dad9e0c.jpg'),
(1995,'é»æå¥³ç¥ä½³å¦®é±æ©äººé»è£é«æ¸åç','http://i1.whymtj.com/uploads/tu/201811/9999/f7edcdf30d.jpg'),
(1996,'é»æå¥³ç¥ä½³å¦®é±æ©äººé»è£é«æ¸åç','http://i1.whymtj.com/uploads/tu/201811/9999/abbd691631.jpg'),
(1997,'å½äº§ç¾å¥³èèç­è£¤ç¾è¿æè´è¯±æç§æ¿åç','http://i1.whymtj.com/uploads/tu/201812/9999/3157648b0a.jpg'),
(1998,'å½äº§ç¾å¥³èèç­è£¤ç¾è¿æè´è¯±æç§æ¿åç','http://i1.whymtj.com/uploads/tu/201812/9999/17c5e8b1b1.jpg'),
(1999,'å½äº§ç¾å¥³èèç­è£¤ç¾è¿æè´è¯±æç§æ¿åç','http://i1.whymtj.com/uploads/tu/201812/9999/3992955240.jpg'),
(2000,'å½äº§ç¾å¥³èèç­è£¤ç¾è¿æè´è¯±æç§æ¿åç','http://i1.whymtj.com/uploads/tu/201812/9999/c29b73b47a.jpg'),
(2001,'å½äº§ç¾å¥³èèç­è£¤ç¾è¿æè´è¯±æç§æ¿åç','http://i1.whymtj.com/uploads/tu/201812/9999/e76ee67e3a.jpg'),
(2002,'å½äº§ç¾å¥³èèç­è£¤ç¾è¿æè´è¯±æç§æ¿åç','http://i1.whymtj.com/uploads/tu/201812/9999/7cdfe34815.jpg'),
(2003,'æè¶£ç¾å¥³å°¤ç©æ°è´¨å¥³ç¥ä¸è¢ç¾è¿è¯±æåç','http://i1.whymtj.com/uploads/tu/201810/9999/58580043cb.jpg'),
(2004,'æè¶£ç¾å¥³å°¤ç©æ°è´¨å¥³ç¥ä¸è¢ç¾è¿è¯±æåç','http://i1.whymtj.com/uploads/tu/201810/9999/166adbf70b.jpg'),
(2005,'æè¶£ç¾å¥³å°¤ç©æ°è´¨å¥³ç¥ä¸è¢ç¾è¿è¯±æåç','http://i1.whymtj.com/uploads/tu/201810/9999/286307753a.jpg'),
(2006,'æè¶£ç¾å¥³å°¤ç©æ°è´¨å¥³ç¥ä¸è¢ç¾è¿è¯±æåç','http://i1.whymtj.com/uploads/tu/201810/9999/953fd1aa15.jpg'),
(2007,'æè¶£ç¾å¥³å°¤ç©æ°è´¨å¥³ç¥ä¸è¢ç¾è¿è¯±æåç','http://i1.whymtj.com/uploads/tu/201810/9999/194a4afec7.jpg'),
(2008,'æè¶£ç¾å¥³å°¤ç©æ°è´¨å¥³ç¥ä¸è¢ç¾è¿è¯±æåç','http://i1.whymtj.com/uploads/tu/201810/9999/5a3c99675f.jpg'),
(2009,'æè¶£ç¾å¥³å°¤ç©æ°è´¨å¥³ç¥ä¸è¢ç¾è¿è¯±æåç','http://i1.whymtj.com/uploads/tu/201810/9999/38de8f9eac.jpg'),
(2010,'æè¶£ç¾å¥³å°¤ç©æ°è´¨å¥³ç¥ä¸è¢ç¾è¿è¯±æåç','http://i1.whymtj.com/uploads/tu/201810/9999/d482a37773.jpg'),
(2011,'æè¶£ç¾å¥³å°¤ç©æ°è´¨å¥³ç¥ä¸è¢ç¾è¿è¯±æåç','http://i1.whymtj.com/uploads/tu/201810/9999/a915c4710b.jpg'),
(2012,'æè¶£ç¾å¥³å°¤ç©æ°è´¨å¥³ç¥ä¸è¢ç¾è¿è¯±æåç','http://i1.whymtj.com/uploads/tu/201810/9999/096f468fce.jpg'),
(2013,'æè¶£ç¾å¥³å°¤ç©æ°è´¨å¥³ç¥ä¸è¢ç¾è¿è¯±æåç','http://i1.whymtj.com/uploads/tu/201810/9999/3fa520105c.jpg'),
(2014,'æè¶£ç¾å¥³å°¤ç©æ°è´¨å¥³ç¥ä¸è¢ç¾è¿è¯±æåç','http://i1.whymtj.com/uploads/tu/201810/9999/99a1cb5a93.jpg'),
(2015,'æè¶£ç¾å¥³å°¤ç©æ°è´¨å¥³ç¥ä¸è¢ç¾è¿è¯±æåç','http://i1.whymtj.com/uploads/tu/201810/9999/b0eb925644.jpg'),
(2016,'æè¶£ç¾å¥³å°¤ç©æ°è´¨å¥³ç¥ä¸è¢ç¾è¿è¯±æåç','http://i1.whymtj.com/uploads/tu/201810/9999/e249c6350d.jpg'),
(2017,'æè¶£ç¾å¥³å°¤ç©æ°è´¨å¥³ç¥ä¸è¢ç¾è¿è¯±æåç','http://i1.whymtj.com/uploads/tu/201810/9999/33a671f8a4.jpg'),
(2018,'æè¶£ç¾å¥³å°¤ç©æ°è´¨å¥³ç¥ä¸è¢ç¾è¿è¯±æåç','http://i1.whymtj.com/uploads/tu/201810/9999/779f0dffbf.jpg'),
(2019,'æè¶£ç¾å¥³å°¤ç©æ°è´¨å¥³ç¥ä¸è¢ç¾è¿è¯±æåç','http://i1.whymtj.com/uploads/tu/201810/9999/5ee48c4e0a.jpg'),
(2020,'æè¶£ç¾å¥³å°¤ç©æ°è´¨å¥³ç¥ä¸è¢ç¾è¿è¯±æåç','http://i1.whymtj.com/uploads/tu/201810/9999/220c362141.jpg'),
(2021,'çº¯çç¾å¥³å«©å¦¹ç½è¢å¨ç¾å¯äººå°å¥³çå¤§ç½è¿è¯±æå¾ç','http://i1.whymtj.com/uploads/tu/201810/9999/69482e70ed.jpg'),
(2022,'çº¯çç¾å¥³å«©å¦¹ç½è¢å¨ç¾å¯äººå°å¥³çå¤§ç½è¿è¯±æå¾ç','http://i1.whymtj.com/uploads/tu/201810/9999/e42687f74c.jpg'),
(2023,'çº¯çç¾å¥³å«©å¦¹ç½è¢å¨ç¾å¯äººå°å¥³çå¤§ç½è¿è¯±æå¾ç','http://i1.whymtj.com/uploads/tu/201810/9999/70c7c54fed.jpg'),
(2024,'çº¯çç¾å¥³å«©å¦¹ç½è¢å¨ç¾å¯äººå°å¥³çå¤§ç½è¿è¯±æå¾ç','http://i1.whymtj.com/uploads/tu/201810/9999/5e74779ac1.jpg'),
(2025,'çº¯çç¾å¥³å«©å¦¹ç½è¢å¨ç¾å¯äººå°å¥³çå¤§ç½è¿è¯±æå¾ç','http://i1.whymtj.com/uploads/tu/201810/9999/ec347e1cb5.jpg'),
(2026,'çº¯çç¾å¥³å«©å¦¹ç½è¢å¨ç¾å¯äººå°å¥³çå¤§ç½è¿è¯±æå¾ç','http://i1.whymtj.com/uploads/tu/201810/9999/673815dca9.jpg'),
(2027,'çº¯çç¾å¥³å«©å¦¹ç½è¢å¨ç¾å¯äººå°å¥³çå¤§ç½è¿è¯±æå¾ç','http://i1.whymtj.com/uploads/tu/201810/9999/e200a30856.jpg'),
(2028,'çº¯çç¾å¥³å«©å¦¹ç½è¢å¨ç¾å¯äººå°å¥³çå¤§ç½è¿è¯±æå¾ç','http://i1.whymtj.com/uploads/tu/201810/9999/73f20b1000.jpg'),
(2029,'å±å®¶ç¾å¥³å°¤ç©èå¿åå¸¦è£æ¹ç«æ§æç§æ¿åç','http://i1.whymtj.com/uploads/tu/201810/9999/99a9ec28dc.jpg'),
(2030,'å±å®¶ç¾å¥³å°¤ç©èå¿åå¸¦è£æ¹ç«æ§æç§æ¿åç',''),
(2031,'ç½å«©ç¾å¥³å·¨ä¹³é¿è¿æ§æç¦å©è¯±æåç','http://i1.whymtj.com/uploads/tu/201811/9999/0e5981e228.jpg'),
(2032,'ç½å«©ç¾å¥³å·¨ä¹³é¿è¿æ§æç¦å©è¯±æåç','http://i1.whymtj.com/uploads/tu/201811/9999/1c0d974908.jpg'),
(2033,'ç½å«©ç¾å¥³å·¨ä¹³é¿è¿æ§æç¦å©è¯±æåç','http://i1.whymtj.com/uploads/tu/201811/9999/0e1b20c586.jpg'),
(2034,'ç½å«©ç¾å¥³å·¨ä¹³é¿è¿æ§æç¦å©è¯±æåç','http://i1.whymtj.com/uploads/tu/201811/9999/faf67a7847.jpg'),
(2035,'ç½å«©ç¾å¥³å·¨ä¹³é¿è¿æ§æç¦å©è¯±æåç','http://i1.whymtj.com/uploads/tu/201811/9999/b265e00d18.jpg'),
(2036,'ç½å«©ç¾å¥³å·¨ä¹³é¿è¿æ§æç¦å©è¯±æåç','http://i1.whymtj.com/uploads/tu/201811/9999/4aa63bc8d5.jpg'),
(2037,'ç½å«©ç¾å¥³å·¨ä¹³é¿è¿æ§æç¦å©è¯±æåç','http://i1.whymtj.com/uploads/tu/201811/9999/910c3de041.jpg'),
(2038,'ç½å«©ç¾å¥³å·¨ä¹³é¿è¿æ§æç¦å©è¯±æåç','http://i1.whymtj.com/uploads/tu/201811/9999/d3a608b0fb.jpg'),
(2039,'ç½å«©ç¾å¥³å·¨ä¹³é¿è¿æ§æç¦å©è¯±æåç','http://i1.whymtj.com/uploads/tu/201811/9999/39ce59284d.jpg'),
(2040,'ç½å«©ç¾å¥³å·¨ä¹³é¿è¿æ§æç¦å©è¯±æåç','http://i1.whymtj.com/uploads/tu/201811/9999/866e8488f2.jpg'),
(2041,'ç½å«©ç¾å¥³å·¨ä¹³é¿è¿æ§æç¦å©è¯±æåç','http://i1.whymtj.com/uploads/tu/201811/9999/3a289cafbe.jpg'),
(2042,'ç½å«©ç¾å¥³å·¨ä¹³é¿è¿æ§æç¦å©è¯±æåç','http://i1.whymtj.com/uploads/tu/201811/9999/d00bcbd29c.jpg'),
(2043,'ç½å«©ç¾å¥³å·¨ä¹³é¿è¿æ§æç¦å©è¯±æåç','http://i1.whymtj.com/uploads/tu/201811/9999/247f4c0bbb.jpg'),
(2044,'å®ç·å¥³ç¥è¿·äººæ²çº¿æ§æå±å®¶æ§æç§æ¿åç','http://i1.whymtj.com/uploads/tu/201810/9999/3a5a7278fb.jpg'),
(2045,'å®ç·å¥³ç¥è¿·äººæ²çº¿æ§æå±å®¶æ§æç§æ¿åç','http://i1.whymtj.com/uploads/tu/201810/9999/009c81acaa.jpg'),
(2046,'å®ç·å¥³ç¥è¿·äººæ²çº¿æ§æå±å®¶æ§æç§æ¿åç','http://i1.whymtj.com/uploads/tu/201810/9999/056e4970a8.jpg'),
(2047,'å®ç·å¥³ç¥è¿·äººæ²çº¿æ§æå±å®¶æ§æç§æ¿åç','http://i1.whymtj.com/uploads/tu/201810/9999/453fc97e4c.jpg'),
(2048,'å®ç·å¥³ç¥è¿·äººæ²çº¿æ§æå±å®¶æ§æç§æ¿åç','http://i1.whymtj.com/uploads/tu/201810/9999/29e1bf199b.jpg'),
(2049,'å®ç·å¥³ç¥è¿·äººæ²çº¿æ§æå±å®¶æ§æç§æ¿åç','http://i1.whymtj.com/uploads/tu/201810/9999/7f76549b9f.jpg'),
(2050,'å®ç·å¥³ç¥è¿·äººæ²çº¿æ§æå±å®¶æ§æç§æ¿åç','http://i1.whymtj.com/uploads/tu/201810/9999/434e0c6108.jpg'),
(2051,'å®ç·å¥³ç¥è¿·äººæ²çº¿æ§æå±å®¶æ§æç§æ¿åç','http://i1.whymtj.com/uploads/tu/201810/9999/b636025f3f.jpg'),
(2052,'å®ç·å¥³ç¥è¿·äººæ²çº¿æ§æå±å®¶æ§æç§æ¿åç','http://i1.whymtj.com/uploads/tu/201810/9999/93dfa16444.jpg'),
(2053,'å®ç·å¥³ç¥è¿·äººæ²çº¿æ§æå±å®¶æ§æç§æ¿åç','http://i1.whymtj.com/uploads/tu/201810/9999/20532c17da.jpg'),
(2054,'å®ç·å¥³ç¥è¿·äººæ²çº¿æ§æå±å®¶æ§æç§æ¿åç','http://i1.whymtj.com/uploads/tu/201810/9999/3f3f1cee5e.jpg'),
(2055,'å¯äººç¾å¥³åå¸¦æè¶£éä¸½éªæ°æ¹ç«å¾é­å¾çåç','http://i1.whymtj.com/uploads/tu/201810/9999/6dc26491eb.jpg'),
(2056,'å¯äººç¾å¥³åå¸¦æè¶£éä¸½éªæ°æ¹ç«å¾é­å¾çåç','http://i1.whymtj.com/uploads/tu/201810/9999/5fb6c7cdfc.jpg'),
(2057,'å¯äººç¾å¥³åå¸¦æè¶£éä¸½éªæ°æ¹ç«å¾é­å¾çåç','http://i1.whymtj.com/uploads/tu/201810/9999/2d5a2f33a8.jpg'),
(2058,'å¯äººç¾å¥³åå¸¦æè¶£éä¸½éªæ°æ¹ç«å¾é­å¾çåç','http://i1.whymtj.com/uploads/tu/201810/9999/fdba2d3b27.jpg'),
(2059,'å¯äººç¾å¥³åå¸¦æè¶£éä¸½éªæ°æ¹ç«å¾é­å¾çåç','http://i1.whymtj.com/uploads/tu/201810/9999/ce5e9927f6.jpg'),
(2060,'å¯äººç¾å¥³åå¸¦æè¶£éä¸½éªæ°æ¹ç«å¾é­å¾çåç','http://i1.whymtj.com/uploads/tu/201810/9999/f651d7b203.jpg'),
(2061,'å¯äººç¾å¥³åå¸¦æè¶£éä¸½éªæ°æ¹ç«å¾é­å¾çåç','http://i1.whymtj.com/uploads/tu/201810/9999/081b9532a2.jpg'),
(2062,'å½äº§ç­åç¾å¥³é¦è©åå¸¦å§å®¤å¯ç¾åç','http://i1.whymtj.com/uploads/tu/201812/9999/d0c3c93517.jpg'),
(2063,'å½äº§ç­åç¾å¥³é¦è©åå¸¦å§å®¤å¯ç¾åç','http://i1.whymtj.com/uploads/tu/201812/9999/db9a0eed51.jpg'),
(2064,'å½äº§ç­åç¾å¥³é¦è©åå¸¦å§å®¤å¯ç¾åç','http://i1.whymtj.com/uploads/tu/201812/9999/cb12167135.jpg'),
(2065,'å½äº§ç­åç¾å¥³é¦è©åå¸¦å§å®¤å¯ç¾åç','http://i1.whymtj.com/uploads/tu/201812/9999/0d27576b04.jpg'),
(2066,'å½äº§ç­åç¾å¥³é¦è©åå¸¦å§å®¤å¯ç¾åç','http://i1.whymtj.com/uploads/tu/201812/9999/f9450d7101.jpg'),
(2067,'å½äº§ç­åç¾å¥³é¦è©åå¸¦å§å®¤å¯ç¾åç','http://i1.whymtj.com/uploads/tu/201812/9999/03dbf96a1f.jpg'),
(2068,'å½äº§ç­åç¾å¥³é¦è©åå¸¦å§å®¤å¯ç¾åç','http://i1.whymtj.com/uploads/tu/201812/9999/c79a180f56.jpg'),
(2069,'å½äº§ç­åç¾å¥³é¦è©åå¸¦å§å®¤å¯ç¾åç','http://i1.whymtj.com/uploads/tu/201812/9999/c055db3d48.jpg'),
(2070,'æåç½çº¢é«æèº«æåèè£æ§æåç','http://i1.whymtj.com/uploads/tu/201808/9999/ab7263dd4b.jpg'),
(2071,'æåç½çº¢é«æèº«æåèè£æ§æåç','http://i1.whymtj.com/uploads/tu/201808/9999/22c61ec167.jpg'),
(2072,'æåç½çº¢é«æèº«æåèè£æ§æåç','http://i1.whymtj.com/uploads/tu/201808/9999/4be4452b79.jpg'),
(2073,'æåç½çº¢é«æèº«æåèè£æ§æåç','http://i1.whymtj.com/uploads/tu/201808/9999/e8f737804b.jpg'),
(2074,'æåç½çº¢é«æèº«æåèè£æ§æåç','http://i1.whymtj.com/uploads/tu/201808/9999/0f3fb146ca.jpg'),
(2075,'æåç½çº¢é«æèº«æåèè£æ§æåç','http://i1.whymtj.com/uploads/tu/201808/9999/f7896256dd.jpg'),
(2076,'æåç½çº¢é«æèº«æåèè£æ§æåç','http://i1.whymtj.com/uploads/tu/201808/9999/211d3ef18f.jpg'),
(2077,'æåç½çº¢é«æèº«æåèè£æ§æåç','http://i1.whymtj.com/uploads/tu/201808/9999/d5ef48333c.jpg'),
(2078,'å¤§éç¾å¥³æ¨¡ç¹ç½è²åå¸¦è£é«ææ¹ç«èº«ææ§æåçå¾ç','http://i1.whymtj.com/uploads/tu/201802/9999/d22321474d.jpg'),
(2079,'å¤§éç¾å¥³æ¨¡ç¹ç½è²åå¸¦è£é«ææ¹ç«èº«ææ§æåçå¾ç','http://i1.whymtj.com/uploads/tu/201802/9999/51eb87d71c.jpg'),
(2080,'å¤§éç¾å¥³æ¨¡ç¹ç½è²åå¸¦è£é«ææ¹ç«èº«ææ§æåçå¾ç','http://i1.whymtj.com/uploads/tu/201802/9999/a05689c0d6.jpg'),
(2081,'å¤§éç¾å¥³æ¨¡ç¹ç½è²åå¸¦è£é«ææ¹ç«èº«ææ§æåçå¾ç','http://i1.whymtj.com/uploads/tu/201802/9999/8df89c0c41.jpg'),
(2082,'å¤§éç¾å¥³æ¨¡ç¹ç½è²åå¸¦è£é«ææ¹ç«èº«ææ§æåçå¾ç','http://i1.whymtj.com/uploads/tu/201802/9999/5a55d0cc13.jpg'),
(2083,'å¤§éç¾å¥³æ¨¡ç¹ç½è²åå¸¦è£é«ææ¹ç«èº«ææ§æåçå¾ç','http://i1.whymtj.com/uploads/tu/201802/9999/3c872f0045.jpg'),
(2084,'å¤§éç¾å¥³æ¨¡ç¹ç½è²åå¸¦è£é«ææ¹ç«èº«ææ§æåçå¾ç','http://i1.whymtj.com/uploads/tu/201802/9999/c8ad611651.jpg'),
(2085,'å¤§éç¾å¥³æ¨¡ç¹ç½è²åå¸¦è£é«ææ¹ç«èº«ææ§æåçå¾ç','http://i1.whymtj.com/uploads/tu/201802/9999/49c6c2378a.jpg'),
(2086,'å¤§éç¾å¥³æ¨¡ç¹ç½è²åå¸¦è£é«ææ¹ç«èº«ææ§æåçå¾ç','http://i1.whymtj.com/uploads/tu/201802/9999/e1f39921d5.jpg'),
(2087,'å¤§éç¾å¥³æ¨¡ç¹ç½è²åå¸¦è£é«ææ¹ç«èº«ææ§æåçå¾ç','http://i1.whymtj.com/uploads/tu/201802/9999/8a461ad60c.jpg'),
(2088,'å¤§éç¾å¥³æ¨¡ç¹ç½è²åå¸¦è£é«ææ¹ç«èº«ææ§æåçå¾ç','http://i1.whymtj.com/uploads/tu/201802/9999/c9230c1184.jpg'),
(2089,'ç¾å¥³è¸å¤§ç¾è³å®éçº¯æè´ä½æ§æç½å«©éºæ¿ææ°å½åç²¾ååç','http://i1.whymtj.com/uploads/tu/201907/9999/8561338c3a.jpg'),
(2090,'ç¾å¥³è¸å¤§ç¾è³å®éçº¯æè´ä½æ§æç½å«©éºæ¿ææ°å½åç²¾ååç','http://i1.whymtj.com/uploads/tu/201907/9999/2a8ac5e719.jpg'),
(2091,'ç¾å¥³è¸å¤§ç¾è³å®éçº¯æè´ä½æ§æç½å«©éºæ¿ææ°å½åç²¾ååç','http://i1.whymtj.com/uploads/tu/201907/9999/13944ee6f9.jpg'),
(2092,'ç¾å¥³è¸å¤§ç¾è³å®éçº¯æè´ä½æ§æç½å«©éºæ¿ææ°å½åç²¾ååç','http://i1.whymtj.com/uploads/tu/201907/9999/9b94582b44.jpg'),
(2093,'ç¾å¥³è¸å¤§ç¾è³å®éçº¯æè´ä½æ§æç½å«©éºæ¿ææ°å½åç²¾ååç','http://i1.whymtj.com/uploads/tu/201907/9999/95fbe58e86.jpg'),
(2094,'ç¾å¥³è¸å¤§ç¾è³å®éçº¯æè´ä½æ§æç½å«©éºæ¿ææ°å½åç²¾ååç','http://i1.whymtj.com/uploads/tu/201907/9999/7e1bf6cd68.jpg'),
(2095,'ç¾å¥³è¸å¤§ç¾è³å®éçº¯æè´ä½æ§æç½å«©éºæ¿ææ°å½åç²¾ååç','http://i1.whymtj.com/uploads/tu/201907/9999/aa6ad67f5e.jpg'),
(2096,'ç¾å¥³è¸å¤§ç¾è³å®éçº¯æè´ä½æ§æç½å«©éºæ¿ææ°å½åç²¾ååç','http://i1.whymtj.com/uploads/tu/201907/9999/03f572d46a.jpg'),
(2097,'å½æ°éºå¥³æ¯çå¤æ¥æ¸ç½ç©¿æ­çç¾æ§ææ·å¤åç','http://i1.whymtj.com/uploads/tu/201907/9999/c40014abac.jpg'),
(2098,'å½æ°éºå¥³æ¯çå¤æ¥æ¸ç½ç©¿æ­çç¾æ§ææ·å¤åç','http://i1.whymtj.com/uploads/tu/201907/9999/fbec9945c6.jpg'),
(2099,'å½æ°éºå¥³æ¯çå¤æ¥æ¸ç½ç©¿æ­çç¾æ§ææ·å¤åç','http://i1.whymtj.com/uploads/tu/201907/9999/806c9cfdb6.jpg'),
(2100,'å½æ°éºå¥³æ¯çå¤æ¥æ¸ç½ç©¿æ­çç¾æ§ææ·å¤åç','http://i1.whymtj.com/uploads/tu/201907/9999/7fc2e89b97.jpg'),
(2101,'å½æ°éºå¥³æ¯çå¤æ¥æ¸ç½ç©¿æ­çç¾æ§ææ·å¤åç','http://i1.whymtj.com/uploads/tu/201907/9999/b15612b495.jpg'),
(2102,'å½æ°éºå¥³æ¯çå¤æ¥æ¸ç½ç©¿æ­çç¾æ§ææ·å¤åç','http://i1.whymtj.com/uploads/tu/201907/9999/d1e1daa5ad.jpg'),
(2103,'å½æ°éºå¥³æ¯çå¤æ¥æ¸ç½ç©¿æ­çç¾æ§ææ·å¤åç','http://i1.whymtj.com/uploads/tu/201907/9999/993b976104.jpg'),
(2104,'å½æ°éºå¥³æ¯çå¤æ¥æ¸ç½ç©¿æ­çç¾æ§ææ·å¤åç','http://i1.whymtj.com/uploads/tu/201907/9999/c58779166a.jpg'),
(2105,'æ²»æç³»é³åå°å¥³è¿·äººå¤§ç¼å¾åå¾®ç¬','http://i1.whymtj.com/uploads/tu/201811/9999/0419d64b96.jpg'),
(2106,'æ²»æç³»é³åå°å¥³è¿·äººå¤§ç¼å¾åå¾®ç¬','http://i1.whymtj.com/uploads/tu/201811/9999/8677d76a22.jpg'),
(2107,'æ²»æç³»é³åå°å¥³è¿·äººå¤§ç¼å¾åå¾®ç¬','http://i1.whymtj.com/uploads/tu/201811/9999/bba35ba893.jpg'),
(2108,'æ²»æç³»é³åå°å¥³è¿·äººå¤§ç¼å¾åå¾®ç¬','http://i1.whymtj.com/uploads/tu/201811/9999/729cd20883.jpg'),
(2109,'æ²»æç³»é³åå°å¥³è¿·äººå¤§ç¼å¾åå¾®ç¬','http://i1.whymtj.com/uploads/tu/201811/9999/d7734d0efe.jpg'),
(2110,'æ²»æç³»é³åå°å¥³è¿·äººå¤§ç¼å¾åå¾®ç¬','http://i1.whymtj.com/uploads/tu/201811/9999/d544ce516f.jpg'),
(2111,'æ²»æç³»é³åå°å¥³è¿·äººå¤§ç¼å¾åå¾®ç¬','http://i1.whymtj.com/uploads/tu/201811/9999/72bc3db557.jpg'),
(2112,'é¿å·åä¸­åæ§æå¤§ç½è¿ç¾å¥³é©¬è¾¾èåå¸¦ç§æ¿è¯±æå¾ç','http://i1.whymtj.com/uploads/tu/201810/9999/1fc4461f3c.jpg'),
(2113,'é¿å·åä¸­åæ§æå¤§ç½è¿ç¾å¥³é©¬è¾¾èåå¸¦ç§æ¿è¯±æå¾ç','http://i1.whymtj.com/uploads/tu/201810/9999/f65b794dfb.jpg'),
(2114,'é¿å·åä¸­åæ§æå¤§ç½è¿ç¾å¥³é©¬è¾¾èåå¸¦ç§æ¿è¯±æå¾ç','http://i1.whymtj.com/uploads/tu/201810/9999/2781f49731.jpg'),
(2115,'é¿å·åä¸­åæ§æå¤§ç½è¿ç¾å¥³é©¬è¾¾èåå¸¦ç§æ¿è¯±æå¾ç','http://i1.whymtj.com/uploads/tu/201810/9999/36a7f2f4dd.jpg'),
(2116,'é¿å·åä¸­åæ§æå¤§ç½è¿ç¾å¥³é©¬è¾¾èåå¸¦ç§æ¿è¯±æå¾ç','http://i1.whymtj.com/uploads/tu/201810/9999/fa01fb4c0a.jpg'),
(2117,'é¿å·åä¸­åæ§æå¤§ç½è¿ç¾å¥³é©¬è¾¾èåå¸¦ç§æ¿è¯±æå¾ç','http://i1.whymtj.com/uploads/tu/201810/9999/791a8a0723.jpg'),
(2118,'é¿å·åä¸­åæ§æå¤§ç½è¿ç¾å¥³é©¬è¾¾èåå¸¦ç§æ¿è¯±æå¾ç','http://i1.whymtj.com/uploads/tu/201810/9999/cbc6017bf9.jpg'),
(2119,'é¿å·åä¸­åæ§æå¤§ç½è¿ç¾å¥³é©¬è¾¾èåå¸¦ç§æ¿è¯±æå¾ç','http://i1.whymtj.com/uploads/tu/201810/9999/d1be2e549b.jpg'),
(2120,'å½äº§å·¨ä¹³ç¾å¥³æ¨¡ç¹æ·±éäºä¸çº¿è¾ä¸åå¸¦åè¡£å¤§èåç','http://i1.whymtj.com/uploads/tu/201811/9999/455b1dfe82.jpg'),
(2121,'å½äº§å·¨ä¹³ç¾å¥³æ¨¡ç¹æ·±éäºä¸çº¿è¾ä¸åå¸¦åè¡£å¤§èåç','http://i1.whymtj.com/uploads/tu/201811/9999/8d8c5a5faf.jpg'),
(2122,'å½äº§å·¨ä¹³ç¾å¥³æ¨¡ç¹æ·±éäºä¸çº¿è¾ä¸åå¸¦åè¡£å¤§èåç','http://i1.whymtj.com/uploads/tu/201811/9999/18a63bc25c.jpg'),
(2123,'å½äº§å·¨ä¹³ç¾å¥³æ¨¡ç¹æ·±éäºä¸çº¿è¾ä¸åå¸¦åè¡£å¤§èåç','http://i1.whymtj.com/uploads/tu/201811/9999/2d65ce6760.jpg'),
(2124,'å½äº§å·¨ä¹³ç¾å¥³æ¨¡ç¹æ·±éäºä¸çº¿è¾ä¸åå¸¦åè¡£å¤§èåç','http://i1.whymtj.com/uploads/tu/201811/9999/4ef41bc5c8.jpg'),
(2125,'å½äº§å·¨ä¹³ç¾å¥³æ¨¡ç¹æ·±éäºä¸çº¿è¾ä¸åå¸¦åè¡£å¤§èåç','http://i1.whymtj.com/uploads/tu/201811/9999/556b246a4b.jpg'),
(2126,'å½äº§å·¨ä¹³ç¾å¥³æ¨¡ç¹æ·±éäºä¸çº¿è¾ä¸åå¸¦åè¡£å¤§èåç','http://i1.whymtj.com/uploads/tu/201811/9999/76121d37bb.jpg'),
(2127,'å½äº§å·¨ä¹³ç¾å¥³æ¨¡ç¹æ·±éäºä¸çº¿è¾ä¸åå¸¦åè¡£å¤§èåç','http://i1.whymtj.com/uploads/tu/201811/9999/a4f740461e.jpg'),
(2128,'æ³³æ± å°å¥³æ¹¿èº«æ³³è£é³åç¬å®¹é«æ¸åç','http://i1.whymtj.com/uploads/tu/201811/9999/5d2896893b.jpg'),
(2129,'æ³³æ± å°å¥³æ¹¿èº«æ³³è£é³åç¬å®¹é«æ¸åç','http://i1.whymtj.com/uploads/tu/201811/9999/7813c79f20.jpg'),
(2130,'æ³³æ± å°å¥³æ¹¿èº«æ³³è£é³åç¬å®¹é«æ¸åç','http://i1.whymtj.com/uploads/tu/201811/9999/2d2060f39f.jpg'),
(2131,'æ³³æ± å°å¥³æ¹¿èº«æ³³è£é³åç¬å®¹é«æ¸åç','http://i1.whymtj.com/uploads/tu/201811/9999/d35a613c94.jpg'),
(2132,'æ³³æ± å°å¥³æ¹¿èº«æ³³è£é³åç¬å®¹é«æ¸åç','http://i1.whymtj.com/uploads/tu/201811/9999/f6edd95d42.jpg'),
(2133,'æ³³æ± å°å¥³æ¹¿èº«æ³³è£é³åç¬å®¹é«æ¸åç','http://i1.whymtj.com/uploads/tu/201811/9999/c9b42dff8c.jpg'),
(2134,'æ³³æ± å°å¥³æ¹¿èº«æ³³è£é³åç¬å®¹é«æ¸åç','http://i1.whymtj.com/uploads/tu/201811/9999/98293a1fd3.jpg'),
(2135,'æ³³æ± å°å¥³æ¹¿èº«æ³³è£é³åç¬å®¹é«æ¸åç','http://i1.whymtj.com/uploads/tu/201811/9999/0f6d03ce31.jpg'),
(2136,'å½äº§åæ°å°å¥³çç¾æ¸æ°æ°è´¨ç¾å¥³åç','http://i1.whymtj.com/uploads/tu/201812/9999/0fd3149dfe.jpg'),
(2137,'å½äº§åæ°å°å¥³çç¾æ¸æ°æ°è´¨ç¾å¥³åç','http://i1.whymtj.com/uploads/tu/201812/9999/2c656117ae.jpg'),
(2138,'å½äº§åæ°å°å¥³çç¾æ¸æ°æ°è´¨ç¾å¥³åç','http://i1.whymtj.com/uploads/tu/201812/9999/f1337610b6.jpg'),
(2139,'å½äº§åæ°å°å¥³çç¾æ¸æ°æ°è´¨ç¾å¥³åç','http://i1.whymtj.com/uploads/tu/201812/9999/4ee160d3e1.jpg'),
(2140,'å½äº§åæ°å°å¥³çç¾æ¸æ°æ°è´¨ç¾å¥³åç','http://i1.whymtj.com/uploads/tu/201812/9999/33003e92e8.jpg'),
(2141,'å½äº§åæ°å°å¥³çç¾æ¸æ°æ°è´¨ç¾å¥³åç','http://i1.whymtj.com/uploads/tu/201812/9999/3cd47e88b7.jpg'),
(2142,'å½äº§åæ°å°å¥³çç¾æ¸æ°æ°è´¨ç¾å¥³åç','http://i1.whymtj.com/uploads/tu/201812/9999/d83e8356ed.jpg'),
(2143,'å½äº§åæ°å°å¥³çç¾æ¸æ°æ°è´¨ç¾å¥³åç','http://i1.whymtj.com/uploads/tu/201812/9999/2c76c45d46.jpg'),
(2144,'æåäºæ´²å¤§é¿è¿ç¾å¥³æ¨¡ç¹å¦å¨è¯±äººæ§æåç','http://i1.whymtj.com/uploads/tu/201902/9999/a9ad454a08.jpg'),
(2145,'æåäºæ´²å¤§é¿è¿ç¾å¥³æ¨¡ç¹å¦å¨è¯±äººæ§æåç','http://i1.whymtj.com/uploads/tu/201902/9999/31f7857bfe.jpg'),
(2146,'æåäºæ´²å¤§é¿è¿ç¾å¥³æ¨¡ç¹å¦å¨è¯±äººæ§æåç','http://i1.whymtj.com/uploads/tu/201902/9999/1fd1964abc.jpg'),
(2147,'æåäºæ´²å¤§é¿è¿ç¾å¥³æ¨¡ç¹å¦å¨è¯±äººæ§æåç','http://i1.whymtj.com/uploads/tu/201902/9999/495d4e1d5b.jpg'),
(2148,'æåäºæ´²å¤§é¿è¿ç¾å¥³æ¨¡ç¹å¦å¨è¯±äººæ§æåç','http://i1.whymtj.com/uploads/tu/201902/9999/f5ed8735fb.jpg'),
(2149,'æåäºæ´²å¤§é¿è¿ç¾å¥³æ¨¡ç¹å¦å¨è¯±äººæ§æåç','http://i1.whymtj.com/uploads/tu/201902/9999/6c531438c0.jpg'),
(2150,'æåäºæ´²å¤§é¿è¿ç¾å¥³æ¨¡ç¹å¦å¨è¯±äººæ§æåç','http://i1.whymtj.com/uploads/tu/201902/9999/cd6fdf67d0.jpg'),
(2151,'æåäºæ´²å¤§é¿è¿ç¾å¥³æ¨¡ç¹å¦å¨è¯±äººæ§æåç','http://i1.whymtj.com/uploads/tu/201902/9999/238ae3f933.jpg'),
(2152,'æåäºæ´²å¤§é¿è¿ç¾å¥³æ¨¡ç¹å¦å¨è¯±äººæ§æåç','http://i1.whymtj.com/uploads/tu/201902/9999/f82aee4075.jpg'),
(2153,'æåäºæ´²å¤§é¿è¿ç¾å¥³æ¨¡ç¹å¦å¨è¯±äººæ§æåç','http://i1.whymtj.com/uploads/tu/201902/9999/78c0171ec9.jpg'),
(2154,'æåäºæ´²å¤§é¿è¿ç¾å¥³æ¨¡ç¹å¦å¨è¯±äººæ§æåç','http://i1.whymtj.com/uploads/tu/201902/9999/b30ebba198.jpg'),
(2155,'æåäºæ´²å¤§é¿è¿ç¾å¥³æ¨¡ç¹å¦å¨è¯±äººæ§æåç','http://i1.whymtj.com/uploads/tu/201902/9999/acd3c61cd5.jpg'),
(2156,'æåäºæ´²å¤§é¿è¿ç¾å¥³æ¨¡ç¹å¦å¨è¯±äººæ§æåç','http://i1.whymtj.com/uploads/tu/201902/9999/016f4b7242.jpg'),
(2157,'æåäºæ´²å¤§é¿è¿ç¾å¥³æ¨¡ç¹å¦å¨è¯±äººæ§æåç','http://i1.whymtj.com/uploads/tu/201902/9999/f04dfb1ed7.jpg'),
(2158,'æåäºæ´²å¤§é¿è¿ç¾å¥³æ¨¡ç¹å¦å¨è¯±äººæ§æåç','http://i1.whymtj.com/uploads/tu/201902/9999/ef03a4e728.jpg'),
(2159,'æåäºæ´²å¤§é¿è¿ç¾å¥³æ¨¡ç¹å¦å¨è¯±äººæ§æåç','http://i1.whymtj.com/uploads/tu/201902/9999/f49de5cec5.jpg'),
(2160,'[Liguiä¸½æ] Model å®å® çè¶³','http://i1.whymtj.com/uploads/tu/201703/926/0f2ww0dwv3t.jpg'),
(2161,'[Liguiä¸½æ] Model å®å® çè¶³','http://i1.whymtj.com/uploads/tu/201703/926/f34rkdzoapj.jpg'),
(2162,'[Liguiä¸½æ] Model å®å® çè¶³','http://i1.whymtj.com/uploads/tu/201703/926/zf5nckjbdky.jpg'),
(2163,'[Liguiä¸½æ] Model å®å® çè¶³','http://i1.whymtj.com/uploads/tu/201703/926/0cbnuiv2eox.jpg'),
(2164,'[Liguiä¸½æ] Model å®å® çè¶³','http://i1.whymtj.com/uploads/tu/201703/926/g1ywoqdbfl5.jpg'),
(2165,'[Liguiä¸½æ] Model å®å® çè¶³','http://i1.whymtj.com/uploads/tu/201703/926/3f4mssougpr.jpg'),
(2166,'[Liguiä¸½æ] Model å®å® çè¶³','http://i1.whymtj.com/uploads/tu/201703/926/jio4spxd1kd.jpg'),
(2167,'[Liguiä¸½æ] Model å®å® çè¶³','http://i1.whymtj.com/uploads/tu/201703/926/qcixacfpxj0.jpg'),
(2168,'[Liguiä¸½æ] Model å®å® çè¶³','http://i1.whymtj.com/uploads/tu/201703/926/kn1mf5wgfwl.jpg'),
(2169,'[Liguiä¸½æ] Model å®å® çè¶³','http://i1.whymtj.com/uploads/tu/201703/926/3obvlpg5wgf.jpg'),
(2170,'[Liguiä¸½æ] Model å®å® çè¶³','http://i1.whymtj.com/uploads/tu/201703/926/yzqp4bgbfpv.jpg'),
(2171,'[Liguiä¸½æ] Model å®å® çè¶³','http://i1.whymtj.com/uploads/tu/201703/926/e5oz2t5zkc0.jpg'),
(2172,'[Liguiä¸½æ] Model å®å® çè¶³','http://i1.whymtj.com/uploads/tu/201703/926/uasqc1qucjg.jpg'),
(2173,'[Liguiä¸½æ] Model å®å® çè¶³','http://i1.whymtj.com/uploads/tu/201703/926/zg41z0hxias.jpg'),
(2174,'[Liguiä¸½æ] Model å®å® çè¶³','http://i1.whymtj.com/uploads/tu/201703/926/kprirlqfyss.jpg'),
(2175,'[Liguiä¸½æ] Model å®å® çè¶³','http://i1.whymtj.com/uploads/tu/201703/926/aij1bm5gszl.jpg'),
(2176,'[Liguiä¸½æ] Model å®å® çè¶³','http://i1.whymtj.com/uploads/tu/201703/926/2dxvqkcfnnu.jpg'),
(2177,'[Liguiä¸½æ] Model å®å® çè¶³','http://i1.whymtj.com/uploads/tu/201703/926/q4yh1i1ak2q.jpg'),
(2178,'[Liguiä¸½æ] å¤§é¿è¿','http://i1.whymtj.com/uploads/tu/201612/926/tfqiw5dv0tf.jpg'),
(2179,'[Liguiä¸½æ] å¤§é¿è¿','http://i1.whymtj.com/uploads/tu/201612/926/xr1pztn4elt.jpg'),
(2180,'[Liguiä¸½æ] å¤§é¿è¿','http://i1.whymtj.com/uploads/tu/201612/926/amsqjt2fxwj.jpg'),
(2181,'[Liguiä¸½æ] å¤§é¿è¿','http://i1.whymtj.com/uploads/tu/201612/926/phsfv530dos.jpg'),
(2182,'[Liguiä¸½æ] å¤§é¿è¿','http://i1.whymtj.com/uploads/tu/201612/926/dwol1vac1il.jpg'),
(2183,'[Liguiä¸½æ] å¤§é¿è¿','http://i1.whymtj.com/uploads/tu/201612/926/nlf3wpab1nf.jpg'),
(2184,'[Liguiä¸½æ] å¤§é¿è¿','http://i1.whymtj.com/uploads/tu/201612/926/or1c24usg3o.jpg'),
(2185,'[Liguiä¸½æ] å¤§é¿è¿','http://i1.whymtj.com/uploads/tu/201612/926/aeqvjodi5h4.jpg'),
(2186,'[Liguiä¸½æ] å¤§é¿è¿','http://i1.whymtj.com/uploads/tu/201612/926/442enmjfv4e.jpg'),
(2187,'[Liguiä¸½æ] å¤§é¿è¿','http://i1.whymtj.com/uploads/tu/201612/926/uph5glrmjlf.jpg'),
(2188,'[Liguiä¸½æ] å¤§é¿è¿','http://i1.whymtj.com/uploads/tu/201612/926/aogiv4s5ou4.jpg'),
(2189,'[Liguiä¸½æ] å¤§é¿è¿','http://i1.whymtj.com/uploads/tu/201612/926/1b0xndyuni1.jpg'),
(2190,'[Liguiä¸½æ] å¤§é¿è¿','http://i1.whymtj.com/uploads/tu/201612/926/cu5rd3sjagn.jpg'),
(2191,'[Liguiä¸½æ] å¤§é¿è¿','http://i1.whymtj.com/uploads/tu/201612/926/rzm3kag2mid.jpg'),
(2192,'[Liguiä¸½æ] å¤§é¿è¿','http://i1.whymtj.com/uploads/tu/201612/926/j43oyxc2krd.jpg'),
(2193,'[Liguiä¸½æ] å¤§é¿è¿','http://i1.whymtj.com/uploads/tu/201612/926/mqsodr4pvil.jpg'),
(2194,'[Liguiä¸½æ] å¤§é¿è¿','http://i1.whymtj.com/uploads/tu/201612/926/ppnowjpwfu0.jpg'),
(2195,'[Liguiä¸½æ] å¤§é¿è¿','http://i1.whymtj.com/uploads/tu/201612/926/bwxul4ifhe5.jpg'),
(2196,'å½äº§ç½çº¢ç¾å¥³ä¸°æ»¡å¤§è¸ç¾è¿A4è°å¯ç¾ææåç','http://i1.whymtj.com/uploads/tu/201901/9999/98b8c206a4.jpg'),
(2197,'å½äº§ç½çº¢ç¾å¥³ä¸°æ»¡å¤§è¸ç¾è¿A4è°å¯ç¾ææåç','http://i1.whymtj.com/uploads/tu/201901/9999/8a095efea1.jpg'),
(2198,'å½äº§ç½çº¢ç¾å¥³ä¸°æ»¡å¤§è¸ç¾è¿A4è°å¯ç¾ææåç','http://i1.whymtj.com/uploads/tu/201901/9999/35dbba7ee6.jpg'),
(2199,'å½äº§ç½çº¢ç¾å¥³ä¸°æ»¡å¤§è¸ç¾è¿A4è°å¯ç¾ææåç','http://i1.whymtj.com/uploads/tu/201901/9999/fb71e6390f.jpg'),
(2200,'å½äº§ç½çº¢ç¾å¥³ä¸°æ»¡å¤§è¸ç¾è¿A4è°å¯ç¾ææåç','http://i1.whymtj.com/uploads/tu/201901/9999/ceed9c5e60.jpg'),
(2201,'å½äº§ç½çº¢ç¾å¥³ä¸°æ»¡å¤§è¸ç¾è¿A4è°å¯ç¾ææåç','http://i1.whymtj.com/uploads/tu/201901/9999/0fc0b869d1.jpg'),
(2202,'å½äº§ç½çº¢ç¾å¥³ä¸°æ»¡å¤§è¸ç¾è¿A4è°å¯ç¾ææåç','http://i1.whymtj.com/uploads/tu/201901/9999/e14fe05c0f.jpg'),
(2203,'å½äº§ç½çº¢ç¾å¥³ä¸°æ»¡å¤§è¸ç¾è¿A4è°å¯ç¾ææåç','http://i1.whymtj.com/uploads/tu/201901/9999/916cbb7c50.jpg'),
(2204,'å½äº§ç½çº¢ç¾å¥³ä¸°æ»¡å¤§è¸ç¾è¿A4è°å¯ç¾ææåç','http://i1.whymtj.com/uploads/tu/201901/9999/3b13181a50.jpg'),
(2205,'å½äº§ç½çº¢ç¾å¥³ä¸°æ»¡å¤§è¸ç¾è¿A4è°å¯ç¾ææåç','http://i1.whymtj.com/uploads/tu/201901/9999/c711e7f826.jpg'),
(2206,'å½äº§ç½çº¢ç¾å¥³ä¸°æ»¡å¤§è¸ç¾è¿A4è°å¯ç¾ææåç','http://i1.whymtj.com/uploads/tu/201901/9999/d5d716e695.jpg'),
(2207,'å½äº§ç½çº¢ç¾å¥³ä¸°æ»¡å¤§è¸ç¾è¿A4è°å¯ç¾ææåç','http://i1.whymtj.com/uploads/tu/201901/9999/f33e455e7a.jpg'),
(2208,'å½äº§ç½çº¢ç¾å¥³ä¸°æ»¡å¤§è¸ç¾è¿A4è°å¯ç¾ææåç','http://i1.whymtj.com/uploads/tu/201901/9999/7f707e8726.jpg'),
(2209,'å½äº§ç½çº¢ç¾å¥³ä¸°æ»¡å¤§è¸ç¾è¿A4è°å¯ç¾ææåç','http://i1.whymtj.com/uploads/tu/201901/9999/ccfe5813f1.jpg'),
(2210,'ç¾å¥³Angelababyæææå­å¤å¤é¿è£é åæ¹äººç±è¯±æå¾ç','http://i1.whymtj.com/uploads/tu/201810/9999/31c3bcc9df.jpg'),
(2211,'ç¾å¥³Angelababyæææå­å¤å¤é¿è£é åæ¹äººç±è¯±æå¾ç','http://i1.whymtj.com/uploads/tu/201810/9999/7ae7c86ce5.jpg'),
(2212,'ç¾å¥³Angelababyæææå­å¤å¤é¿è£é åæ¹äººç±è¯±æå¾ç','http://i1.whymtj.com/uploads/tu/201810/9999/8039023022.jpg'),
(2213,'ç¾å¥³Angelababyæææå­å¤å¤é¿è£é åæ¹äººç±è¯±æå¾ç','http://i1.whymtj.com/uploads/tu/201810/9999/e6a833b76d.jpg'),
(2214,'å¤åå¨ææ«è©é¿åå¤å¤ç¾å¥³éªæ°å¸éæè¢åçå¾ç','http://i1.whymtj.com/uploads/tu/201810/9999/bb00dea793.jpg'),
(2215,'å¤åå¨ææ«è©é¿åå¤å¤ç¾å¥³éªæ°å¸éæè¢åçå¾ç','http://i1.whymtj.com/uploads/tu/201810/9999/a77aa952a3.jpg'),
(2216,'å¤åå¨ææ«è©é¿åå¤å¤ç¾å¥³éªæ°å¸éæè¢åçå¾ç','http://i1.whymtj.com/uploads/tu/201810/9999/4dd63de569.jpg'),
(2217,'å¤åå¨ææ«è©é¿åå¤å¤ç¾å¥³éªæ°å¸éæè¢åçå¾ç','http://i1.whymtj.com/uploads/tu/201810/9999/23ece37471.jpg'),
(2218,'å¤åå¨ææ«è©é¿åå¤å¤ç¾å¥³éªæ°å¸éæè¢åçå¾ç','http://i1.whymtj.com/uploads/tu/201810/9999/45078938b9.jpg'),
(2219,'å½äº§ç¾å¥³å°èèä¿ç®å¯ç±ç½çç¾è¿ç§æ¿åç','http://i1.whymtj.com/uploads/tu/201812/9999/8bbad17d5e.jpg'),
(2220,'å½äº§ç¾å¥³å°èèä¿ç®å¯ç±ç½çç¾è¿ç§æ¿åç','http://i1.whymtj.com/uploads/tu/201812/9999/88859ec391.jpg'),
(2221,'å½äº§ç¾å¥³å°èèä¿ç®å¯ç±ç½çç¾è¿ç§æ¿åç','http://i1.whymtj.com/uploads/tu/201812/9999/bbaaa0bc1e.jpg'),
(2222,'å½äº§ç¾å¥³å°èèä¿ç®å¯ç±ç½çç¾è¿ç§æ¿åç','http://i1.whymtj.com/uploads/tu/201812/9999/fe905adbb0.jpg'),
(2223,'å½äº§ç¾å¥³å°èèä¿ç®å¯ç±ç½çç¾è¿ç§æ¿åç','http://i1.whymtj.com/uploads/tu/201812/9999/37fcaaf093.jpg'),
(2224,'å½äº§ç¾å¥³å°èèä¿ç®å¯ç±ç½çç¾è¿ç§æ¿åç','http://i1.whymtj.com/uploads/tu/201812/9999/6a773e8254.jpg'),
(2225,'å½äº§ç¾å¥³å°èèä¿ç®å¯ç±ç½çç¾è¿ç§æ¿åç','http://i1.whymtj.com/uploads/tu/201812/9999/137a7ab67a.jpg'),
(2226,'å½äº§ç¾å¥³å°èèä¿ç®å¯ç±ç½çç¾è¿ç§æ¿åç','http://i1.whymtj.com/uploads/tu/201812/9999/b9e693f40d.jpg'),
(2227,'å½äº§ç¾å¥³å°èèä¿ç®å¯ç±ç½çç¾è¿ç§æ¿åç','http://i1.whymtj.com/uploads/tu/201812/9999/d6714aaeb9.jpg'),
(2228,'å½äº§ç¾å¥³å°èèä¿ç®å¯ç±ç½çç¾è¿ç§æ¿åç','http://i1.whymtj.com/uploads/tu/201812/9999/92e2dad69c.jpg'),
(2229,'å½äº§ç¾å¥³å°èèä¿ç®å¯ç±ç½çç¾è¿ç§æ¿åç','http://i1.whymtj.com/uploads/tu/201812/9999/c82de166fb.jpg'),
(2230,'å¤§é¿è¿ç¾å¥³æ§æå±å®¶çç¾è¯±æåç','http://i1.whymtj.com/uploads/tu/201806/9999/6930f66286.jpg'),
(2231,'å¤§é¿è¿ç¾å¥³æ§æå±å®¶çç¾è¯±æåç','http://i1.whymtj.com/uploads/tu/201806/9999/a2f680e168.jpg'),
(2232,'å¤§é¿è¿ç¾å¥³æ§æå±å®¶çç¾è¯±æåç','http://i1.whymtj.com/uploads/tu/201806/9999/4c98b0754e.jpg'),
(2233,'å¤§é¿è¿ç¾å¥³æ§æå±å®¶çç¾è¯±æåç','http://i1.whymtj.com/uploads/tu/201806/9999/5651da8778.jpg'),
(2234,'å¤§é¿è¿ç¾å¥³æ§æå±å®¶çç¾è¯±æåç','http://i1.whymtj.com/uploads/tu/201806/9999/b9cf0221c2.jpg'),
(2235,'å¤§é¿è¿ç¾å¥³æ§æå±å®¶çç¾è¯±æåç','http://i1.whymtj.com/uploads/tu/201806/9999/ac9df38d16.jpg'),
(2236,'å¤§é¿è¿ç¾å¥³æ§æå±å®¶çç¾è¯±æåç','http://i1.whymtj.com/uploads/tu/201806/9999/c4e61df331.jpg'),
(2237,'å¤§é¿è¿ç¾å¥³æ§æå±å®¶çç¾è¯±æåç','http://i1.whymtj.com/uploads/tu/201806/9999/f6875da754.jpg'),
(2238,'è¿·äººæ§æå°åå¸¦å¹³è¸ç¾å¥³éªç½ç¾è¿åçå¾ç','http://i1.whymtj.com/uploads/tu/201808/9999/b1dd9f8ace.jpg'),
(2239,'è¿·äººæ§æå°åå¸¦å¹³è¸ç¾å¥³éªç½ç¾è¿åçå¾ç','http://i1.whymtj.com/uploads/tu/201808/9999/9b6855c74b.jpg'),
(2240,'è¿·äººæ§æå°åå¸¦å¹³è¸ç¾å¥³éªç½ç¾è¿åçå¾ç','http://i1.whymtj.com/uploads/tu/201808/9999/1d730bf28a.jpg'),
(2241,'è¿·äººæ§æå°åå¸¦å¹³è¸ç¾å¥³éªç½ç¾è¿åçå¾ç','http://i1.whymtj.com/uploads/tu/201808/9999/11eeb713d7.jpg'),
(2242,'è¿·äººæ§æå°åå¸¦å¹³è¸ç¾å¥³éªç½ç¾è¿åçå¾ç','http://i1.whymtj.com/uploads/tu/201808/9999/f660af5d72.jpg'),
(2243,'è¿·äººæ§æå°åå¸¦å¹³è¸ç¾å¥³éªç½ç¾è¿åçå¾ç','http://i1.whymtj.com/uploads/tu/201808/9999/d1b72d6cde.jpg'),
(2244,'è¿·äººæ§æå°åå¸¦å¹³è¸ç¾å¥³éªç½ç¾è¿åçå¾ç','http://i1.whymtj.com/uploads/tu/201808/9999/15d4655ab3.jpg'),
(2245,'è¿·äººæ§æå°åå¸¦å¹³è¸ç¾å¥³éªç½ç¾è¿åçå¾ç','http://i1.whymtj.com/uploads/tu/201808/9999/69cb59fb92.jpg'),
(2246,'è¿·äººæ§æå°åå¸¦å¹³è¸ç¾å¥³éªç½ç¾è¿åçå¾ç','http://i1.whymtj.com/uploads/tu/201808/9999/41e62e941a.jpg'),
(2247,'è¿·äººæ§æå°åå¸¦å¹³è¸ç¾å¥³éªç½ç¾è¿åçå¾ç','http://i1.whymtj.com/uploads/tu/201808/9999/40b44963b3.jpg'),
(2248,'è¿·äººæ§æå°åå¸¦å¹³è¸ç¾å¥³éªç½ç¾è¿åçå¾ç','http://i1.whymtj.com/uploads/tu/201808/9999/472737fe83.jpg'),
(2249,'è¿·äººæ§æå°åå¸¦å¹³è¸ç¾å¥³éªç½ç¾è¿åçå¾ç','http://i1.whymtj.com/uploads/tu/201808/9999/070425873c.jpg'),
(2250,'ç½ä¸çç¾æ¸çº¯ç¾å¥³ç²è²èè¹æå¤§èè¯±äººç§æ¿åç','http://i1.whymtj.com/uploads/tu/201807/9999/ef2a49bf5d.jpg'),
(2251,'ç½ä¸çç¾æ¸çº¯ç¾å¥³ç²è²èè¹æå¤§èè¯±äººç§æ¿åç','http://i1.whymtj.com/uploads/tu/201807/9999/10ff43a9b7.jpg'),
(2252,'ç½ä¸çç¾æ¸çº¯ç¾å¥³ç²è²èè¹æå¤§èè¯±äººç§æ¿åç','http://i1.whymtj.com/uploads/tu/201807/9999/ffccae8c31.jpg'),
(2253,'ç½ä¸çç¾æ¸çº¯ç¾å¥³ç²è²èè¹æå¤§èè¯±äººç§æ¿åç','http://i1.whymtj.com/uploads/tu/201807/9999/ff567b29b0.jpg'),
(2254,'ç½ä¸çç¾æ¸çº¯ç¾å¥³ç²è²èè¹æå¤§èè¯±äººç§æ¿åç','http://i1.whymtj.com/uploads/tu/201807/9999/ae88d1cf92.jpg'),
(2255,'ç½ä¸çç¾æ¸çº¯ç¾å¥³ç²è²èè¹æå¤§èè¯±äººç§æ¿åç','http://i1.whymtj.com/uploads/tu/201807/9999/45b8ee73bd.jpg'),
(2256,'ç½ä¸çç¾æ¸çº¯ç¾å¥³ç²è²èè¹æå¤§èè¯±äººç§æ¿åç','http://i1.whymtj.com/uploads/tu/201807/9999/831ce7bd4c.jpg'),
(2257,'ç½ä¸çç¾æ¸çº¯ç¾å¥³ç²è²èè¹æå¤§èè¯±äººç§æ¿åç','http://i1.whymtj.com/uploads/tu/201807/9999/175333305a.jpg'),
(2258,'ç½ä¸çç¾æ¸çº¯ç¾å¥³ç²è²èè¹æå¤§èè¯±äººç§æ¿åç','http://i1.whymtj.com/uploads/tu/201807/9999/1ac86b5b36.jpg'),
(2259,'ä¸­å½å°å®¶ç¢§çå¨å¨è¸ç¾å¥³å¨ç¾çç¾ç§æ¿åç','http://i1.whymtj.com/uploads/tu/201902/9999/45a8441c4d.jpg'),
(2260,'ä¸­å½å°å®¶ç¢§çå¨å¨è¸ç¾å¥³å¨ç¾çç¾ç§æ¿åç','http://i1.whymtj.com/uploads/tu/201902/9999/516e977169.jpg'),
(2261,'ä¸­å½å°å®¶ç¢§çå¨å¨è¸ç¾å¥³å¨ç¾çç¾ç§æ¿åç','http://i1.whymtj.com/uploads/tu/201902/9999/801d4ef14e.jpg'),
(2262,'ä¸­å½å°å®¶ç¢§çå¨å¨è¸ç¾å¥³å¨ç¾çç¾ç§æ¿åç','http://i1.whymtj.com/uploads/tu/201902/9999/1c65d0972f.jpg'),
(2263,'ä¸­å½å°å®¶ç¢§çå¨å¨è¸ç¾å¥³å¨ç¾çç¾ç§æ¿åç','http://i1.whymtj.com/uploads/tu/201902/9999/8d78838737.jpg'),
(2264,'ä¸­å½å°å®¶ç¢§çå¨å¨è¸ç¾å¥³å¨ç¾çç¾ç§æ¿åç','http://i1.whymtj.com/uploads/tu/201902/9999/c1d64c9951.jpg'),
(2265,'ä¸­å½å°å®¶ç¢§çå¨å¨è¸ç¾å¥³å¨ç¾çç¾ç§æ¿åç','http://i1.whymtj.com/uploads/tu/201902/9999/66134ed02d.jpg'),
(2266,'ä¸­å½å°å®¶ç¢§çå¨å¨è¸ç¾å¥³å¨ç¾çç¾ç§æ¿åç','http://i1.whymtj.com/uploads/tu/201902/9999/4b65625c5f.jpg'),
(2267,'å¤åå¨æå¹²ç»è¿·äººç­åç½è¤å¤§é¿è¿åå´è¯±æå¾ç','http://i1.whymtj.com/uploads/tu/201810/9999/7f78f8e17f.jpg'),
(2268,'å¤åå¨æå¹²ç»è¿·äººç­åç½è¤å¤§é¿è¿åå´è¯±æå¾ç','http://i1.whymtj.com/uploads/tu/201810/9999/e4be8c52f5.jpg'),
(2269,'å¤åå¨æå¹²ç»è¿·äººç­åç½è¤å¤§é¿è¿åå´è¯±æå¾ç','http://i1.whymtj.com/uploads/tu/201810/9999/b85019e704.jpg'),
(2270,'å¤åå¨æå¹²ç»è¿·äººç­åç½è¤å¤§é¿è¿åå´è¯±æå¾ç','http://i1.whymtj.com/uploads/tu/201810/9999/70705f6a3d.jpg'),
(2271,'å¤åå¨æå¹²ç»è¿·äººç­åç½è¤å¤§é¿è¿åå´è¯±æå¾ç','http://i1.whymtj.com/uploads/tu/201810/9999/3eebfb1300.jpg'),
(2272,'å¤åå¨æå¹²ç»è¿·äººç­åç½è¤å¤§é¿è¿åå´è¯±æå¾ç','http://i1.whymtj.com/uploads/tu/201810/9999/e174f9053b.jpg'),
(2273,'å¤åå¨æå¹²ç»è¿·äººç­åç½è¤å¤§é¿è¿åå´è¯±æå¾ç','http://i1.whymtj.com/uploads/tu/201810/9999/f0ab6e285f.jpg'),
(2274,'å¤åå¨æå¹²ç»è¿·äººç­åç½è¤å¤§é¿è¿åå´è¯±æå¾ç','http://i1.whymtj.com/uploads/tu/201810/9999/1dfcd87cc2.jpg'),
(2275,'éºæ¿å°å¥³æ¸æ°æèºèç½å«©èè¤æ§æç¾å¥³ç§çå±ç¤º','http://i1.whymtj.com/uploads/tu/201807/9999/c6be92ad49.jpg'),
(2276,'éºæ¿å°å¥³æ¸æ°æèºèç½å«©èè¤æ§æç¾å¥³ç§çå±ç¤º','http://i1.whymtj.com/uploads/tu/201807/9999/eb283afc61.jpg'),
(2277,'éºæ¿å°å¥³æ¸æ°æèºèç½å«©èè¤æ§æç¾å¥³ç§çå±ç¤º','http://i1.whymtj.com/uploads/tu/201807/9999/aafead855e.jpg'),
(2278,'éºæ¿å°å¥³æ¸æ°æèºèç½å«©èè¤æ§æç¾å¥³ç§çå±ç¤º','http://i1.whymtj.com/uploads/tu/201807/9999/68dc00ff76.jpg'),
(2279,'éºæ¿å°å¥³æ¸æ°æèºèç½å«©èè¤æ§æç¾å¥³ç§çå±ç¤º','http://i1.whymtj.com/uploads/tu/201807/9999/c7e71cb7fa.jpg'),
(2280,'éºæ¿å°å¥³æ¸æ°æèºèç½å«©èè¤æ§æç¾å¥³ç§çå±ç¤º','http://i1.whymtj.com/uploads/tu/201807/9999/4dbfff8547.jpg'),
(2281,'éºæ¿å°å¥³æ¸æ°æèºèç½å«©èè¤æ§æç¾å¥³ç§çå±ç¤º','http://i1.whymtj.com/uploads/tu/201807/9999/cf8c2c2908.jpg'),
(2282,'éºæ¿å°å¥³æ¸æ°æèºèç½å«©èè¤æ§æç¾å¥³ç§çå±ç¤º','http://i1.whymtj.com/uploads/tu/201807/9999/5ee8a725c8.jpg'),
(2283,'æååå¸¦ç¡è¡£ç¾å¥³é¦è©å¤§ç¼å¯ç¾å°æ¸æ°åç','http://i1.whymtj.com/uploads/tu/201902/9999/9be7ef62ca.jpg'),
(2284,'æååå¸¦ç¡è¡£ç¾å¥³é¦è©å¤§ç¼å¯ç¾å°æ¸æ°åç','http://i1.whymtj.com/uploads/tu/201902/9999/1df254fdcb.jpg'),
(2285,'æååå¸¦ç¡è¡£ç¾å¥³é¦è©å¤§ç¼å¯ç¾å°æ¸æ°åç','http://i1.whymtj.com/uploads/tu/201902/9999/7048e8a185.jpg'),
(2286,'æååå¸¦ç¡è¡£ç¾å¥³é¦è©å¤§ç¼å¯ç¾å°æ¸æ°åç','http://i1.whymtj.com/uploads/tu/201902/9999/b1bdef9181.jpg'),
(2287,'æååå¸¦ç¡è¡£ç¾å¥³é¦è©å¤§ç¼å¯ç¾å°æ¸æ°åç','http://i1.whymtj.com/uploads/tu/201902/9999/6ec80399ab.jpg'),
(2288,'æååå¸¦ç¡è¡£ç¾å¥³é¦è©å¤§ç¼å¯ç¾å°æ¸æ°åç','http://i1.whymtj.com/uploads/tu/201902/9999/181d8a2c19.jpg'),
(2289,'æååå¸¦ç¡è¡£ç¾å¥³é¦è©å¤§ç¼å¯ç¾å°æ¸æ°åç','http://i1.whymtj.com/uploads/tu/201902/9999/06e968f0cc.jpg'),
(2290,'æååå¸¦ç¡è¡£ç¾å¥³é¦è©å¤§ç¼å¯ç¾å°æ¸æ°åç','http://i1.whymtj.com/uploads/tu/201902/9999/a2f76fd0ae.jpg'),
(2291,'æååå¸¦ç¡è¡£ç¾å¥³é¦è©å¤§ç¼å¯ç¾å°æ¸æ°åç','http://i1.whymtj.com/uploads/tu/201902/9999/cc9df59674.jpg'),
(2292,'ç«è¾£èº«æ®µæé¦å¼å§¿å¥èº«å¥³ç¥å²äººä¸å´è¯±æå¾ç','http://i1.whymtj.com/uploads/tu/201809/9999/99d802852b.jpg'),
(2293,'ç«è¾£èº«æ®µæé¦å¼å§¿å¥èº«å¥³ç¥å²äººä¸å´è¯±æå¾ç','http://i1.whymtj.com/uploads/tu/201809/9999/ef35108daf.jpg'),
(2294,'ç«è¾£èº«æ®µæé¦å¼å§¿å¥èº«å¥³ç¥å²äººä¸å´è¯±æå¾ç','http://i1.whymtj.com/uploads/tu/201809/9999/cafceaebff.jpg'),
(2295,'ç«è¾£èº«æ®µæé¦å¼å§¿å¥èº«å¥³ç¥å²äººä¸å´è¯±æå¾ç','http://i1.whymtj.com/uploads/tu/201809/9999/99d802852b.jpg'),
(2296,'ç«è¾£èº«æ®µæé¦å¼å§¿å¥èº«å¥³ç¥å²äººä¸å´è¯±æå¾ç','http://i1.whymtj.com/uploads/tu/201809/9999/ef35108daf.jpg'),
(2297,'ç«è¾£èº«æ®µæé¦å¼å§¿å¥èº«å¥³ç¥å²äººä¸å´è¯±æå¾ç','http://i1.whymtj.com/uploads/tu/201809/9999/74c3b84d20.jpg'),
(2298,'ç«è¾£èº«æ®µæé¦å¼å§¿å¥èº«å¥³ç¥å²äººä¸å´è¯±æå¾ç','http://i1.whymtj.com/uploads/tu/201809/9999/e095871969.jpg'),
(2299,'ç«è¾£èº«æ®µæé¦å¼å§¿å¥èº«å¥³ç¥å²äººä¸å´è¯±æå¾ç','http://i1.whymtj.com/uploads/tu/201809/9999/649bd18f23.jpg'),
(2300,'ç«è¾£èº«æ®µæé¦å¼å§¿å¥èº«å¥³ç¥å²äººä¸å´è¯±æå¾ç','http://i1.whymtj.com/uploads/tu/201809/9999/40ebe87ee0.jpg'),
(2301,'ç«è¾£èº«æ®µæé¦å¼å§¿å¥èº«å¥³ç¥å²äººä¸å´è¯±æå¾ç','http://i1.whymtj.com/uploads/tu/201809/9999/3648476c11.jpg'),
(2302,'ç«è¾£èº«æ®µæé¦å¼å§¿å¥èº«å¥³ç¥å²äººä¸å´è¯±æå¾ç','http://i1.whymtj.com/uploads/tu/201809/9999/db1c52fce9.jpg'),
(2303,'ç«è¾£èº«æ®µæé¦å¼å§¿å¥èº«å¥³ç¥å²äººä¸å´è¯±æå¾ç','http://i1.whymtj.com/uploads/tu/201809/9999/3308107149.jpg'),
(2304,'ç«è¾£èº«æ®µæé¦å¼å§¿å¥èº«å¥³ç¥å²äººä¸å´è¯±æå¾ç','http://i1.whymtj.com/uploads/tu/201809/9999/2b45f53ee3.jpg'),
(2305,'ç«è¾£èº«æ®µæé¦å¼å§¿å¥èº«å¥³ç¥å²äººä¸å´è¯±æå¾ç','http://i1.whymtj.com/uploads/tu/201809/9999/7f1c9f19cd.jpg'),
(2306,'ç«è¾£èº«æ®µæé¦å¼å§¿å¥èº«å¥³ç¥å²äººä¸å´è¯±æå¾ç','http://i1.whymtj.com/uploads/tu/201809/9999/84c1770b4e.jpg'),
(2307,'ç«è¾£èº«æ®µæé¦å¼å§¿å¥èº«å¥³ç¥å²äººä¸å´è¯±æå¾ç','http://i1.whymtj.com/uploads/tu/201809/9999/232f24df4d.jpg'),
(2308,'ç«è¾£èº«æ®µæé¦å¼å§¿å¥èº«å¥³ç¥å²äººä¸å´è¯±æå¾ç','http://i1.whymtj.com/uploads/tu/201809/9999/06568fb351.jpg'),
(2309,'è±ªä¹³å¤§é¿è¿ç¾å¥³æ¨¡ç¹æ§æè¿è¡£è£æåå°¤ç©é£éªå','http://i1.whymtj.com/uploads/tu/201710/9999/e29801fa9c.jpg'),
(2310,'è±ªä¹³å¤§é¿è¿ç¾å¥³æ¨¡ç¹æ§æè¿è¡£è£æåå°¤ç©é£éªå','http://i1.whymtj.com/uploads/tu/201710/9999/911759df58.jpg'),
(2311,'è±ªä¹³å¤§é¿è¿ç¾å¥³æ¨¡ç¹æ§æè¿è¡£è£æåå°¤ç©é£éªå','http://i1.whymtj.com/uploads/tu/201710/9999/dfbea052b0.jpg'),
(2312,'è±ªä¹³å¤§é¿è¿ç¾å¥³æ¨¡ç¹æ§æè¿è¡£è£æåå°¤ç©é£éªå','http://i1.whymtj.com/uploads/tu/201710/9999/5e03c1ebe1.jpg'),
(2313,'è±ªä¹³å¤§é¿è¿ç¾å¥³æ¨¡ç¹æ§æè¿è¡£è£æåå°¤ç©é£éªå','http://i1.whymtj.com/uploads/tu/201710/9999/964461dec4.jpg'),
(2314,'è±ªä¹³å¤§é¿è¿ç¾å¥³æ¨¡ç¹æ§æè¿è¡£è£æåå°¤ç©é£éªå','http://i1.whymtj.com/uploads/tu/201710/9999/defba67acc.jpg'),
(2315,'è±ªä¹³å¤§é¿è¿ç¾å¥³æ¨¡ç¹æ§æè¿è¡£è£æåå°¤ç©é£éªå','http://i1.whymtj.com/uploads/tu/201710/9999/4565b14cca.jpg'),
(2316,'è±ªä¹³å¤§é¿è¿ç¾å¥³æ¨¡ç¹æ§æè¿è¡£è£æåå°¤ç©é£éªå','http://i1.whymtj.com/uploads/tu/201710/9999/f114c7dde7.jpg'),
(2317,'æåº¦éªè´§ç¾å¥³èè²åå¸¦ä½è¸è¯±æåçå¾ç','http://i1.whymtj.com/uploads/tu/201806/9999/00bdcddde4.jpg'),
(2318,'æåº¦éªè´§ç¾å¥³èè²åå¸¦ä½è¸è¯±æåçå¾ç','http://i1.whymtj.com/uploads/tu/201806/9999/36a50ff25c.jpg'),
(2319,'æåº¦éªè´§ç¾å¥³èè²åå¸¦ä½è¸è¯±æåçå¾ç','http://i1.whymtj.com/uploads/tu/201806/9999/88eb6f3def.jpg'),
(2320,'æåº¦éªè´§ç¾å¥³èè²åå¸¦ä½è¸è¯±æåçå¾ç','http://i1.whymtj.com/uploads/tu/201806/9999/a678438c33.jpg'),
(2321,'æåº¦éªè´§ç¾å¥³èè²åå¸¦ä½è¸è¯±æåçå¾ç','http://i1.whymtj.com/uploads/tu/201806/9999/ee1f68b502.jpg'),
(2322,'æåº¦éªè´§ç¾å¥³èè²åå¸¦ä½è¸è¯±æåçå¾ç','http://i1.whymtj.com/uploads/tu/201806/9999/d14eba0c8d.jpg'),
(2323,'æåº¦éªè´§ç¾å¥³èè²åå¸¦ä½è¸è¯±æåçå¾ç','http://i1.whymtj.com/uploads/tu/201806/9999/5eb2821c22.jpg'),
(2324,'æåº¦éªè´§ç¾å¥³èè²åå¸¦ä½è¸è¯±æåçå¾ç','http://i1.whymtj.com/uploads/tu/201806/9999/6d2c1cf625.jpg'),
(2325,'çç¾æ¸çº¯ç¾å¥³å¤©çä¸½è´¨äº­äº­çç«è¯±ææ§æåç','http://i1.whymtj.com/uploads/tu/201805/9999/bb5a4c5971.jpg'),
(2326,'çç¾æ¸çº¯ç¾å¥³å¤©çä¸½è´¨äº­äº­çç«è¯±ææ§æåç','http://i1.whymtj.com/uploads/tu/201805/9999/7113d068d2.jpg'),
(2327,'çç¾æ¸çº¯ç¾å¥³å¤©çä¸½è´¨äº­äº­çç«è¯±ææ§æåç','http://i1.whymtj.com/uploads/tu/201805/9999/235135e836.jpg'),
(2328,'çç¾æ¸çº¯ç¾å¥³å¤©çä¸½è´¨äº­äº­çç«è¯±ææ§æåç','http://i1.whymtj.com/uploads/tu/201805/9999/0cf6d9fd3c.jpg'),
(2329,'çç¾æ¸çº¯ç¾å¥³å¤©çä¸½è´¨äº­äº­çç«è¯±ææ§æåç','http://i1.whymtj.com/uploads/tu/201805/9999/ebc0073aa6.jpg'),
(2330,'çç¾æ¸çº¯ç¾å¥³å¤©çä¸½è´¨äº­äº­çç«è¯±ææ§æåç','http://i1.whymtj.com/uploads/tu/201805/9999/22eabb65c0.jpg'),
(2331,'çç¾æ¸çº¯ç¾å¥³å¤©çä¸½è´¨äº­äº­çç«è¯±ææ§æåç','http://i1.whymtj.com/uploads/tu/201805/9999/77b09dceb9.jpg'),
(2332,'çç¾æ¸çº¯ç¾å¥³å¤©çä¸½è´¨äº­äº­çç«è¯±ææ§æåç','http://i1.whymtj.com/uploads/tu/201805/9999/e34a705bf2.jpg'),
(2333,'çç¾æ¸çº¯ç¾å¥³å¤©çä¸½è´¨äº­äº­çç«è¯±ææ§æåç','http://i1.whymtj.com/uploads/tu/201805/9999/fa29629483.jpg'),
(2334,'çç¾æ¸çº¯ç¾å¥³å¤©çä¸½è´¨äº­äº­çç«è¯±ææ§æåç','http://i1.whymtj.com/uploads/tu/201805/9999/ed7c89a5d1.jpg'),
(2335,'çç¾æ¸çº¯ç¾å¥³å¤©çä¸½è´¨äº­äº­çç«è¯±ææ§æåç','http://i1.whymtj.com/uploads/tu/201805/9999/60e5f6ab95.jpg'),
(2336,'çç¾æ¸çº¯ç¾å¥³å¤©çä¸½è´¨äº­äº­çç«è¯±ææ§æåç','http://i1.whymtj.com/uploads/tu/201805/9999/227e7efa60.jpg'),
(2337,'çç¾æ¸çº¯ç¾å¥³å¤©çä¸½è´¨äº­äº­çç«è¯±ææ§æåç','http://i1.whymtj.com/uploads/tu/201805/9999/7563641ae9.jpg'),
(2338,'çç¾æ¸çº¯ç¾å¥³å¤©çä¸½è´¨äº­äº­çç«è¯±ææ§æåç','http://i1.whymtj.com/uploads/tu/201805/9999/915657e57a.jpg'),
(2339,'çç¾æ¸çº¯ç¾å¥³å¤©çä¸½è´¨äº­äº­çç«è¯±ææ§æåç','http://i1.whymtj.com/uploads/tu/201805/9999/e6fc271987.jpg'),
(2340,'çç¾æ¸çº¯ç¾å¥³å¤©çä¸½è´¨äº­äº­çç«è¯±ææ§æåç','http://i1.whymtj.com/uploads/tu/201805/9999/2bc7039eb3.jpg'),
(2341,'çç¾æ¸çº¯ç¾å¥³å¤©çä¸½è´¨äº­äº­çç«è¯±ææ§æåç','http://i1.whymtj.com/uploads/tu/201805/9999/dc5cfa7437.jpg'),
(2342,'çç¾æ¸çº¯ç¾å¥³å¤©çä¸½è´¨äº­äº­çç«è¯±ææ§æåç','http://i1.whymtj.com/uploads/tu/201805/9999/d4e2cd3248.jpg'),
(2343,'æ ¡è±ç¾å¥³æ¸æ°ç§æ°å¶æå¨ææ©äººè¯±æå¾ç','http://i1.whymtj.com/uploads/tu/201808/9999/a91ab2f9bc.jpg'),
(2344,'æ ¡è±ç¾å¥³æ¸æ°ç§æ°å¶æå¨ææ©äººè¯±æå¾ç','http://i1.whymtj.com/uploads/tu/201808/9999/2ff07c28d1.jpg'),
(2345,'æ ¡è±ç¾å¥³æ¸æ°ç§æ°å¶æå¨ææ©äººè¯±æå¾ç','http://i1.whymtj.com/uploads/tu/201808/9999/11b5e3968e.jpg'),
(2346,'æ ¡è±ç¾å¥³æ¸æ°ç§æ°å¶æå¨ææ©äººè¯±æå¾ç','http://i1.whymtj.com/uploads/tu/201808/9999/0ab6873e63.jpg'),
(2347,'æ ¡è±ç¾å¥³æ¸æ°ç§æ°å¶æå¨ææ©äººè¯±æå¾ç','http://i1.whymtj.com/uploads/tu/201808/9999/18b5891b45.jpg'),
(2348,'æ ¡è±ç¾å¥³æ¸æ°ç§æ°å¶æå¨ææ©äººè¯±æå¾ç','http://i1.whymtj.com/uploads/tu/201808/9999/b0f1b2f754.jpg'),
(2349,'æ ¡è±ç¾å¥³æ¸æ°ç§æ°å¶æå¨ææ©äººè¯±æå¾ç','http://i1.whymtj.com/uploads/tu/201808/9999/d94469b933.jpg'),
(2350,'æ ¡è±ç¾å¥³æ¸æ°ç§æ°å¶æå¨ææ©äººè¯±æå¾ç','http://i1.whymtj.com/uploads/tu/201808/9999/869b83238b.jpg'),
(2351,'å½äº§ç¾å¥³èèç­è£¤ç¾è¿æè´è¯±æç§æ¿åç','http://i1.whymtj.com/uploads/tu/201812/9999/3157648b0a.jpg'),
(2352,'å½äº§ç¾å¥³èèç­è£¤ç¾è¿æè´è¯±æç§æ¿åç','http://i1.whymtj.com/uploads/tu/201812/9999/17c5e8b1b1.jpg'),
(2353,'å½äº§ç¾å¥³èèç­è£¤ç¾è¿æè´è¯±æç§æ¿åç','http://i1.whymtj.com/uploads/tu/201812/9999/3992955240.jpg'),
(2354,'å½äº§ç¾å¥³èèç­è£¤ç¾è¿æè´è¯±æç§æ¿åç','http://i1.whymtj.com/uploads/tu/201812/9999/c29b73b47a.jpg'),
(2355,'å½äº§ç¾å¥³èèç­è£¤ç¾è¿æè´è¯±æç§æ¿åç','http://i1.whymtj.com/uploads/tu/201812/9999/e76ee67e3a.jpg'),
(2356,'å½äº§ç¾å¥³èèç­è£¤ç¾è¿æè´è¯±æç§æ¿åç','http://i1.whymtj.com/uploads/tu/201812/9999/7cdfe34815.jpg'),
(2357,'[Liguiä¸½æ]Model Kitty ä¸è¢','http://i1.whymtj.com/uploads/tu/201612/926/p4ik4m0wavk.jpg'),
(2358,'[Liguiä¸½æ]Model Kitty ä¸è¢','http://i1.whymtj.com/uploads/tu/201612/926/xt5zsfxgltc.jpg'),
(2359,'[Liguiä¸½æ]Model Kitty ä¸è¢','http://i1.whymtj.com/uploads/tu/201612/926/vvakru344tv.jpg'),
(2360,'[Liguiä¸½æ]Model Kitty ä¸è¢','http://i1.whymtj.com/uploads/tu/201612/926/uwctjgpycqr.jpg'),
(2361,'[Liguiä¸½æ]Model Kitty ä¸è¢','http://i1.whymtj.com/uploads/tu/201612/926/01zxwkgpgh4.jpg'),
(2362,'[Liguiä¸½æ]Model Kitty ä¸è¢','http://i1.whymtj.com/uploads/tu/201612/926/znnu2ebfcna.jpg'),
(2363,'[Liguiä¸½æ]Model Kitty ä¸è¢','http://i1.whymtj.com/uploads/tu/201612/926/av4g10e4r0s.jpg'),
(2364,'[Liguiä¸½æ]Model Kitty ä¸è¢','http://i1.whymtj.com/uploads/tu/201612/926/kocxflwvx5z.jpg'),
(2365,'[Liguiä¸½æ]Model Kitty ä¸è¢','http://i1.whymtj.com/uploads/tu/201612/926/1v3drxlg45w.jpg'),
(2366,'[Liguiä¸½æ]Model Kitty ä¸è¢','http://i1.whymtj.com/uploads/tu/201612/926/pbqjwzsp4fr.jpg'),
(2367,'[Liguiä¸½æ]Model Kitty ä¸è¢','http://i1.whymtj.com/uploads/tu/201612/926/n3qkcs2dqxr.jpg'),
(2368,'[Liguiä¸½æ]Model Kitty ä¸è¢','http://i1.whymtj.com/uploads/tu/201612/926/gfmr2w1gowf.jpg'),
(2369,'[Liguiä¸½æ]Model Kitty ä¸è¢','http://i1.whymtj.com/uploads/tu/201612/926/fstt5hblpsq.jpg'),
(2370,'[Liguiä¸½æ]Model Kitty ä¸è¢','http://i1.whymtj.com/uploads/tu/201612/926/2zzegzrgopf.jpg'),
(2371,'[Liguiä¸½æ]Model Kitty ä¸è¢','http://i1.whymtj.com/uploads/tu/201612/926/lmuuddym34w.jpg'),
(2372,'[Liguiä¸½æ]Model Kitty ä¸è¢','http://i1.whymtj.com/uploads/tu/201612/926/j3df2ammc2i.jpg'),
(2373,'[Liguiä¸½æ]Model Kitty ä¸è¢','http://i1.whymtj.com/uploads/tu/201612/926/mlae40d2d1u.jpg'),
(2374,'[Liguiä¸½æ]Model Kitty ä¸è¢','http://i1.whymtj.com/uploads/tu/201612/926/q4kf2xamwn1.jpg'),
(2375,'çº¢åçä»å¤§é¿è¿ä¹æ¬£ä¸ç¾çéä¸ªæ§åçå¾ç','http://i1.whymtj.com/uploads/tu/201810/9999/c0cd41aa6a.jpg'),
(2376,'çº¢åçä»å¤§é¿è¿ä¹æ¬£ä¸ç¾çéä¸ªæ§åçå¾ç','http://i1.whymtj.com/uploads/tu/201810/9999/75a2bdb258.jpg'),
(2377,'çº¢åçä»å¤§é¿è¿ä¹æ¬£ä¸ç¾çéä¸ªæ§åçå¾ç','http://i1.whymtj.com/uploads/tu/201810/9999/d6ca1e0e0d.jpg'),
(2378,'çº¢åçä»å¤§é¿è¿ä¹æ¬£ä¸ç¾çéä¸ªæ§åçå¾ç','http://i1.whymtj.com/uploads/tu/201810/9999/da12861ca9.jpg'),
(2379,'çº¢åçä»å¤§é¿è¿ä¹æ¬£ä¸ç¾çéä¸ªæ§åçå¾ç','http://i1.whymtj.com/uploads/tu/201810/9999/359a30d560.jpg'),
(2380,'é¿è¿ç¾å¥³å®½æ¾ä¼é²ç­è¢å¯ç±æ¸æ°å¯ç¾åçå¾ç','http://i1.whymtj.com/uploads/tu/201806/9999/206041f7ed.jpg'),
(2381,'é¿è¿ç¾å¥³å®½æ¾ä¼é²ç­è¢å¯ç±æ¸æ°å¯ç¾åçå¾ç','http://i1.whymtj.com/uploads/tu/201806/9999/e2ff39206f.jpg'),
(2382,'é¿è¿ç¾å¥³å®½æ¾ä¼é²ç­è¢å¯ç±æ¸æ°å¯ç¾åçå¾ç','http://i1.whymtj.com/uploads/tu/201806/9999/30f0496dea.jpg'),
(2383,'é¿è¿ç¾å¥³å®½æ¾ä¼é²ç­è¢å¯ç±æ¸æ°å¯ç¾åçå¾ç','http://i1.whymtj.com/uploads/tu/201806/9999/0b597fff36.jpg'),
(2384,'é¿è¿ç¾å¥³å®½æ¾ä¼é²ç­è¢å¯ç±æ¸æ°å¯ç¾åçå¾ç','http://i1.whymtj.com/uploads/tu/201806/9999/84aae67866.jpg'),
(2385,'é¿è¿ç¾å¥³å®½æ¾ä¼é²ç­è¢å¯ç±æ¸æ°å¯ç¾åçå¾ç','http://i1.whymtj.com/uploads/tu/201806/9999/12f678d62f.jpg'),
(2386,'é¿è¿ç¾å¥³å®½æ¾ä¼é²ç­è¢å¯ç±æ¸æ°å¯ç¾åçå¾ç','http://i1.whymtj.com/uploads/tu/201806/9999/1185f68bb9.jpg'),
(2387,'é¿è¿ç¾å¥³å®½æ¾ä¼é²ç­è¢å¯ç±æ¸æ°å¯ç¾åçå¾ç','http://i1.whymtj.com/uploads/tu/201806/9999/22fb9ff4d2.jpg'),
(2388,'é¿è¿ç¾å¥³å®½æ¾ä¼é²ç­è¢å¯ç±æ¸æ°å¯ç¾åçå¾ç','http://i1.whymtj.com/uploads/tu/201806/9999/8c9402efd1.jpg'),
(2389,'é¿è¿ç¾å¥³å®½æ¾ä¼é²ç­è¢å¯ç±æ¸æ°å¯ç¾åçå¾ç','http://i1.whymtj.com/uploads/tu/201806/9999/08eadcabcf.jpg'),
(2390,'é¿è¿ç¾å¥³å®½æ¾ä¼é²ç­è¢å¯ç±æ¸æ°å¯ç¾åçå¾ç','http://i1.whymtj.com/uploads/tu/201806/9999/a80cb00379.jpg'),
(2391,'é¿è¿ç¾å¥³å®½æ¾ä¼é²ç­è¢å¯ç±æ¸æ°å¯ç¾åçå¾ç','http://i1.whymtj.com/uploads/tu/201806/9999/b63e861995.jpg'),
(2392,'é¿è¿ç¾å¥³å®½æ¾ä¼é²ç­è¢å¯ç±æ¸æ°å¯ç¾åçå¾ç','http://i1.whymtj.com/uploads/tu/201806/9999/9a4060fd2e.jpg'),
(2393,'ç½çå»ç¼é¥è¸å°å¦¹å¦¹æ§æåå¸¦çç¾å¾ç','http://i1.whymtj.com/uploads/tu/201809/9999/bdd25c5ce2.jpg'),
(2394,'ç½çå»ç¼é¥è¸å°å¦¹å¦¹æ§æåå¸¦çç¾å¾ç','http://i1.whymtj.com/uploads/tu/201809/9999/f729a5751e.jpg'),
(2395,'ç½çå»ç¼é¥è¸å°å¦¹å¦¹æ§æåå¸¦çç¾å¾ç','http://i1.whymtj.com/uploads/tu/201809/9999/9fc14a35dd.jpg'),
(2396,'ç½çå»ç¼é¥è¸å°å¦¹å¦¹æ§æåå¸¦çç¾å¾ç','http://i1.whymtj.com/uploads/tu/201809/9999/a8b01643bb.jpg'),
(2397,'ç½çå»ç¼é¥è¸å°å¦¹å¦¹æ§æåå¸¦çç¾å¾ç','http://i1.whymtj.com/uploads/tu/201809/9999/94b8c47c62.jpg'),
(2398,'ç½çå»ç¼é¥è¸å°å¦¹å¦¹æ§æåå¸¦çç¾å¾ç','http://i1.whymtj.com/uploads/tu/201809/9999/12b6b20c85.jpg'),
(2399,'ç½çå»ç¼é¥è¸å°å¦¹å¦¹æ§æåå¸¦çç¾å¾ç','http://i1.whymtj.com/uploads/tu/201809/9999/0f8d378b06.jpg'),
(2400,'ç¯®çç¾å°å¥³101ä»£è¨éæ¥æ´»æ³¼å¯ç±ä¿ç®è¯±æå¾ç','http://i1.whymtj.com/uploads/tu/201810/9999/a9c24b86d2.jpg'),
(2401,'ç¯®çç¾å°å¥³101ä»£è¨éæ¥æ´»æ³¼å¯ç±ä¿ç®è¯±æå¾ç','http://i1.whymtj.com/uploads/tu/201810/9999/2785201861.jpg'),
(2402,'ç¯®çç¾å°å¥³101ä»£è¨éæ¥æ´»æ³¼å¯ç±ä¿ç®è¯±æå¾ç','http://i1.whymtj.com/uploads/tu/201810/9999/09c0c07659.jpg'),
(2403,'ç¯®çç¾å°å¥³101ä»£è¨éæ¥æ´»æ³¼å¯ç±ä¿ç®è¯±æå¾ç','http://i1.whymtj.com/uploads/tu/201810/9999/abbb49edad.jpg'),
(2404,'ç¯®çç¾å°å¥³101ä»£è¨éæ¥æ´»æ³¼å¯ç±ä¿ç®è¯±æå¾ç','http://i1.whymtj.com/uploads/tu/201810/9999/bf678e4ec2.jpg'),
(2405,'ç¯®çç¾å°å¥³101ä»£è¨éæ¥æ´»æ³¼å¯ç±ä¿ç®è¯±æå¾ç','http://i1.whymtj.com/uploads/tu/201810/9999/a47e014d93.jpg'),
(2406,'ç¯®çç¾å°å¥³101ä»£è¨éæ¥æ´»æ³¼å¯ç±ä¿ç®è¯±æå¾ç','http://i1.whymtj.com/uploads/tu/201810/9999/af1df76556.jpg'),
(2407,'æ«è©ç­åçº¢åç¾å¥³ç½å«©é¿è¿è¯±æå¾çåç','http://i1.whymtj.com/uploads/tu/201808/9999/9c06c73c33.jpg'),
(2408,'æ«è©ç­åçº¢åç¾å¥³ç½å«©é¿è¿è¯±æå¾çåç','http://i1.whymtj.com/uploads/tu/201808/9999/daa32e04ef.jpg'),
(2409,'æ«è©ç­åçº¢åç¾å¥³ç½å«©é¿è¿è¯±æå¾çåç','http://i1.whymtj.com/uploads/tu/201808/9999/b233e013ef.jpg'),
(2410,'æ«è©ç­åçº¢åç¾å¥³ç½å«©é¿è¿è¯±æå¾çåç','http://i1.whymtj.com/uploads/tu/201808/9999/ec1a996d78.jpg'),
(2411,'æ«è©ç­åçº¢åç¾å¥³ç½å«©é¿è¿è¯±æå¾çåç','http://i1.whymtj.com/uploads/tu/201808/9999/772c318395.jpg'),
(2412,'æ«è©ç­åçº¢åç¾å¥³ç½å«©é¿è¿è¯±æå¾çåç','http://i1.whymtj.com/uploads/tu/201808/9999/89e6e99b12.jpg'),
(2413,'æ«è©ç­åçº¢åç¾å¥³ç½å«©é¿è¿è¯±æå¾çåç','http://i1.whymtj.com/uploads/tu/201808/9999/50a6e1038d.jpg'),
(2414,'çç¾ç¾å¥³æ¨¡ç¹æ²»æç³»è¿·äººèº«ææ§æç¾è¿åçå¾ç','http://i1.whymtj.com/uploads/tu/201805/9999/4ebc97ca6d.jpg'),
(2415,'çç¾ç¾å¥³æ¨¡ç¹æ²»æç³»è¿·äººèº«ææ§æç¾è¿åçå¾ç','http://i1.whymtj.com/uploads/tu/201805/9999/00c0489efd.jpg'),
(2416,'çç¾ç¾å¥³æ¨¡ç¹æ²»æç³»è¿·äººèº«ææ§æç¾è¿åçå¾ç','http://i1.whymtj.com/uploads/tu/201805/9999/ae9babbc5c.jpg'),
(2417,'çç¾ç¾å¥³æ¨¡ç¹æ²»æç³»è¿·äººèº«ææ§æç¾è¿åçå¾ç','http://i1.whymtj.com/uploads/tu/201805/9999/c8a0938e33.jpg'),
(2418,'çç¾ç¾å¥³æ¨¡ç¹æ²»æç³»è¿·äººèº«ææ§æç¾è¿åçå¾ç','http://i1.whymtj.com/uploads/tu/201805/9999/2560f9329e.jpg'),
(2419,'çç¾ç¾å¥³æ¨¡ç¹æ²»æç³»è¿·äººèº«ææ§æç¾è¿åçå¾ç','http://i1.whymtj.com/uploads/tu/201805/9999/bec39a09c5.jpg'),
(2420,'çç¾ç¾å¥³æ¨¡ç¹æ²»æç³»è¿·äººèº«ææ§æç¾è¿åçå¾ç','http://i1.whymtj.com/uploads/tu/201805/9999/f18300e936.jpg'),
(2421,'çç¾ç¾å¥³æ¨¡ç¹æ²»æç³»è¿·äººèº«ææ§æç¾è¿åçå¾ç','http://i1.whymtj.com/uploads/tu/201805/9999/29746f6f9b.jpg'),
(2422,'çç¾ç¾å¥³æ¨¡ç¹æ²»æç³»è¿·äººèº«ææ§æç¾è¿åçå¾ç','http://i1.whymtj.com/uploads/tu/201805/9999/1870c26919.jpg'),
(2423,'çç¾ç¾å¥³æ¨¡ç¹æ²»æç³»è¿·äººèº«ææ§æç¾è¿åçå¾ç','http://i1.whymtj.com/uploads/tu/201805/9999/c4b9140674.jpg'),
(2424,'çç¾ç¾å¥³æ¨¡ç¹æ²»æç³»è¿·äººèº«ææ§æç¾è¿åçå¾ç','http://i1.whymtj.com/uploads/tu/201805/9999/07c47625ef.jpg'),
(2425,'çç¾ç¾å¥³æ¨¡ç¹æ²»æç³»è¿·äººèº«ææ§æç¾è¿åçå¾ç','http://i1.whymtj.com/uploads/tu/201805/9999/412be26047.jpg'),
(2426,'2012 ä¸æµ·å½éå¨æ¼«å±âç²¾æä¸åç­è¾£çå·´è¨ è¶³ç','http://i1.whymtj.com/img2012/1207/19/0152012zqbb/10.jpg'),
(2427,'2012 ä¸æµ·å½éå¨æ¼«å±âç²¾æä¸åç­è¾£çå·´è¨ è¶³ç','http://i1.whymtj.com/img2012/1207/19/0152012zqbb/11.jpg'),
(2428,'2012 ä¸æµ·å½éå¨æ¼«å±âç²¾æä¸åç­è¾£çå·´è¨ è¶³ç','http://i1.whymtj.com/img2012/1207/19/0152012zqbb/12.jpg'),
(2429,'2012 ä¸æµ·å½éå¨æ¼«å±âç²¾æä¸åç­è¾£çå·´è¨ è¶³ç','http://i1.whymtj.com/img2012/1207/19/0152012zqbb/13.jpg'),
(2430,'2012 ä¸æµ·å½éå¨æ¼«å±âç²¾æä¸åç­è¾£çå·´è¨ è¶³ç','http://i1.whymtj.com/img2012/1207/19/0152012zqbb/14.jpg'),
(2431,'2012 ä¸æµ·å½éå¨æ¼«å±âç²¾æä¸åç­è¾£çå·´è¨ è¶³ç','http://i1.whymtj.com/img2012/1207/19/0152012zqbb/15.jpg'),
(2432,'2012 ä¸æµ·å½éå¨æ¼«å±âç²¾æä¸åç­è¾£çå·´è¨ è¶³ç','http://i1.whymtj.com/img2012/1207/19/0152012zqbb/16.jpg'),
(2433,'2012 ä¸æµ·å½éå¨æ¼«å±âç²¾æä¸åç­è¾£çå·´è¨ è¶³ç','http://i1.whymtj.com/img2012/1207/19/0152012zqbb/17.jpg'),
(2434,'2012 ä¸æµ·å½éå¨æ¼«å±âç²¾æä¸åç­è¾£çå·´è¨ è¶³ç','http://i1.whymtj.com/img2012/1207/19/0152012zqbb/18.jpg'),
(2435,'2012 ä¸æµ·å½éå¨æ¼«å±âç²¾æä¸åç­è¾£çå·´è¨ è¶³ç','http://i1.whymtj.com/img2012/1207/19/0152012zqbb/19.jpg'),
(2436,'2012 ä¸æµ·å½éå¨æ¼«å±âç²¾æä¸åç­è¾£çå·´è¨ è¶³ç','http://i1.whymtj.com/img2012/1207/19/0152012zqbb/2.jpg'),
(2437,'2012 ä¸æµ·å½éå¨æ¼«å±âç²¾æä¸åç­è¾£çå·´è¨ è¶³ç','http://i1.whymtj.com/img2012/1207/19/0152012zqbb/20.jpg'),
(2438,'2012 ä¸æµ·å½éå¨æ¼«å±âç²¾æä¸åç­è¾£çå·´è¨ è¶³ç','http://i1.whymtj.com/img2012/1207/19/0152012zqbb/21.jpg'),
(2439,'2012 ä¸æµ·å½éå¨æ¼«å±âç²¾æä¸åç­è¾£çå·´è¨ è¶³ç','http://i1.whymtj.com/img2012/1207/19/0152012zqbb/3.jpg'),
(2440,'2012 ä¸æµ·å½éå¨æ¼«å±âç²¾æä¸åç­è¾£çå·´è¨ è¶³ç','http://i1.whymtj.com/img2012/1207/19/0152012zqbb/4.jpg'),
(2441,'2012 ä¸æµ·å½éå¨æ¼«å±âç²¾æä¸åç­è¾£çå·´è¨ è¶³ç','http://i1.whymtj.com/img2012/1207/19/0152012zqbb/5.jpg'),
(2442,'2012 ä¸æµ·å½éå¨æ¼«å±âç²¾æä¸åç­è¾£çå·´è¨ è¶³ç','http://i1.whymtj.com/img2012/1207/19/0152012zqbb/6.jpg'),
(2443,'2012 ä¸æµ·å½éå¨æ¼«å±âç²¾æä¸åç­è¾£çå·´è¨ è¶³ç','http://i1.whymtj.com/img2012/1207/19/0152012zqbb/7.jpg'),
(2444,'[Liguiä¸½æ]é­æ æ´æ´ çè¶³ã','http://i1.whymtj.com/uploads/tu/201703/926/e315askv03s.jpg'),
(2445,'[Liguiä¸½æ]é­æ æ´æ´ çè¶³ã','http://i1.whymtj.com/uploads/tu/201703/926/fqcyjmozbzz.jpg'),
(2446,'[Liguiä¸½æ]é­æ æ´æ´ çè¶³ã','http://i1.whymtj.com/uploads/tu/201703/926/d5ifdaaj0re.jpg'),
(2447,'[Liguiä¸½æ]é­æ æ´æ´ çè¶³ã','http://i1.whymtj.com/uploads/tu/201703/926/hfwhyzunz1h.jpg'),
(2448,'[Liguiä¸½æ]é­æ æ´æ´ çè¶³ã','http://i1.whymtj.com/uploads/tu/201703/926/of3uv3s2fbo.jpg'),
(2449,'[Liguiä¸½æ]é­æ æ´æ´ çè¶³ã','http://i1.whymtj.com/uploads/tu/201703/926/rmkdrpr03xr.jpg'),
(2450,'[Liguiä¸½æ]é­æ æ´æ´ çè¶³ã','http://i1.whymtj.com/uploads/tu/201703/926/n3rqb3u2isa.jpg'),
(2451,'[Liguiä¸½æ]é­æ æ´æ´ çè¶³ã','http://i1.whymtj.com/uploads/tu/201703/926/sapaktxilnq.jpg'),
(2452,'[Liguiä¸½æ]é­æ æ´æ´ çè¶³ã','http://i1.whymtj.com/uploads/tu/201703/926/v0doomop4gd.jpg'),
(2453,'[Liguiä¸½æ]é­æ æ´æ´ çè¶³ã','http://i1.whymtj.com/uploads/tu/201703/926/gkmd1btc0g2.jpg'),
(2454,'[Liguiä¸½æ]é­æ æ´æ´ çè¶³ã','http://i1.whymtj.com/uploads/tu/201703/926/upqygfxssjp.jpg'),
(2455,'[Liguiä¸½æ]é­æ æ´æ´ çè¶³ã','http://i1.whymtj.com/uploads/tu/201703/926/g1iehiwh0cc.jpg'),
(2456,'[Liguiä¸½æ]é­æ æ´æ´ çè¶³ã','http://i1.whymtj.com/uploads/tu/201703/926/ei30p4saodd.jpg'),
(2457,'[Liguiä¸½æ]é­æ æ´æ´ çè¶³ã','http://i1.whymtj.com/uploads/tu/201703/926/knp00kypvnd.jpg'),
(2458,'[Liguiä¸½æ]é­æ æ´æ´ çè¶³ã','http://i1.whymtj.com/uploads/tu/201703/926/grce0rjrriq.jpg'),
(2459,'[Liguiä¸½æ]é­æ æ´æ´ çè¶³ã','http://i1.whymtj.com/uploads/tu/201703/926/jinlpjug4w1.jpg'),
(2460,'[Liguiä¸½æ]é­æ æ´æ´ çè¶³ã','http://i1.whymtj.com/uploads/tu/201703/926/fkko0yhigmz.jpg'),
(2461,'[Liguiä¸½æ]é­æ æ´æ´ çè¶³ã','http://i1.whymtj.com/uploads/tu/201703/926/hpibgk0ov3q.jpg'),
(2462,'è¯ºè¨ ç¾è¿','http://i1.whymtj.com/uploads/tu/201703/926/4hxeke5alyh.jpg'),
(2463,'è¯ºè¨ ç¾è¿','http://i1.whymtj.com/uploads/tu/201703/926/0p1xc2t0rsp.jpg'),
(2464,'è¯ºè¨ ç¾è¿','http://i1.whymtj.com/uploads/tu/201703/926/iolsognelx3.jpg'),
(2465,'è¯ºè¨ ç¾è¿','http://i1.whymtj.com/uploads/tu/201703/926/guttzwg0ejr.jpg'),
(2466,'è¯ºè¨ ç¾è¿','http://i1.whymtj.com/uploads/tu/201703/926/2vq0z0u4atl.jpg'),
(2467,'è¯ºè¨ ç¾è¿','http://i1.whymtj.com/uploads/tu/201703/926/swkpsz5kuay.jpg'),
(2468,'è¯ºè¨ ç¾è¿','http://i1.whymtj.com/uploads/tu/201703/926/u334df1dfs1.jpg'),
(2469,'è¯ºè¨ ç¾è¿','http://i1.whymtj.com/uploads/tu/201703/926/w5o03uj3ztg.jpg'),
(2470,'è¯ºè¨ ç¾è¿','http://i1.whymtj.com/uploads/tu/201703/926/l2hu0bnv4ts.jpg'),
(2471,'è¯ºè¨ ç¾è¿','http://i1.whymtj.com/uploads/tu/201703/926/snjkaitdbga.jpg'),
(2472,'è¯ºè¨ ç¾è¿','http://i1.whymtj.com/uploads/tu/201703/926/xwu4bj3gycs.jpg'),
(2473,'è¯ºè¨ ç¾è¿','http://i1.whymtj.com/uploads/tu/201703/926/cwlgjeaomvm.jpg'),
(2474,'è¯ºè¨ ç¾è¿','http://i1.whymtj.com/uploads/tu/201703/926/gbsimdjqeka.jpg'),
(2475,'è¯ºè¨ ç¾è¿','http://i1.whymtj.com/uploads/tu/201703/926/qc3evdnxmsf.jpg'),
(2476,'è¯ºè¨ ç¾è¿','http://i1.whymtj.com/uploads/tu/201703/926/ad4ccfnudfa.jpg'),
(2477,'è¯ºè¨ ç¾è¿','http://i1.whymtj.com/uploads/tu/201703/926/0l4pqgvyus4.jpg'),
(2478,'è¯ºè¨ ç¾è¿','http://i1.whymtj.com/uploads/tu/201703/926/nhep4ujmqwy.jpg'),
(2479,'è¯ºè¨ ç¾è¿','http://i1.whymtj.com/uploads/tu/201703/926/g2cejtds5sx.jpg'),
(2480,'ä¸°æ»¡ç¾è¸å¥³ç¥æèsunnyæ¼å¦èº«å§¿è¯±æå¾ç','http://i1.whymtj.com/uploads/tu/201809/9999/2d17bca21b.jpg'),
(2481,'ä¸°æ»¡ç¾è¸å¥³ç¥æèsunnyæ¼å¦èº«å§¿è¯±æå¾ç','http://i1.whymtj.com/uploads/tu/201809/9999/5693f5c441.jpg'),
(2482,'ä¸°æ»¡ç¾è¸å¥³ç¥æèsunnyæ¼å¦èº«å§¿è¯±æå¾ç','http://i1.whymtj.com/uploads/tu/201809/9999/5822a7c34f.jpg'),
(2483,'ä¸°æ»¡ç¾è¸å¥³ç¥æèsunnyæ¼å¦èº«å§¿è¯±æå¾ç','http://i1.whymtj.com/uploads/tu/201809/9999/2d17bca21b.jpg'),
(2484,'ä¸°æ»¡ç¾è¸å¥³ç¥æèsunnyæ¼å¦èº«å§¿è¯±æå¾ç','http://i1.whymtj.com/uploads/tu/201809/9999/5693f5c441.jpg'),
(2485,'ä¸°æ»¡ç¾è¸å¥³ç¥æèsunnyæ¼å¦èº«å§¿è¯±æå¾ç','http://i1.whymtj.com/uploads/tu/201809/9999/461e03ddaf.jpg'),
(2486,'ä¸°æ»¡ç¾è¸å¥³ç¥æèsunnyæ¼å¦èº«å§¿è¯±æå¾ç','http://i1.whymtj.com/uploads/tu/201809/9999/64154f79c2.jpg'),
(2487,'ä¸°æ»¡ç¾è¸å¥³ç¥æèsunnyæ¼å¦èº«å§¿è¯±æå¾ç','http://i1.whymtj.com/uploads/tu/201809/9999/d0069a2067.jpg'),
(2488,'ä¸°æ»¡ç¾è¸å¥³ç¥æèsunnyæ¼å¦èº«å§¿è¯±æå¾ç','http://i1.whymtj.com/uploads/tu/201809/9999/5c3f8b4281.jpg'),
(2489,'ä¸°æ»¡ç¾è¸å¥³ç¥æèsunnyæ¼å¦èº«å§¿è¯±æå¾ç','http://i1.whymtj.com/uploads/tu/201809/9999/5b45d64905.jpg'),
(2490,'ä¸°æ»¡ç¾è¸å¥³ç¥æèsunnyæ¼å¦èº«å§¿è¯±æå¾ç','http://i1.whymtj.com/uploads/tu/201809/9999/c3cd0a96fb.jpg'),
(2491,'ä¸°æ»¡ç¾è¸å¥³ç¥æèsunnyæ¼å¦èº«å§¿è¯±æå¾ç','http://i1.whymtj.com/uploads/tu/201809/9999/c59a7f72b8.jpg'),
(2492,'ä¸°æ»¡ç¾è¸å¥³ç¥æèsunnyæ¼å¦èº«å§¿è¯±æå¾ç','http://i1.whymtj.com/uploads/tu/201809/9999/e5069687ae.jpg'),
(2493,'ä¸°æ»¡ç¾è¸å¥³ç¥æèsunnyæ¼å¦èº«å§¿è¯±æå¾ç','http://i1.whymtj.com/uploads/tu/201809/9999/c5e230738c.jpg'),
(2494,'ä¸°æ»¡ç¾è¸å¥³ç¥æèsunnyæ¼å¦èº«å§¿è¯±æå¾ç','http://i1.whymtj.com/uploads/tu/201809/9999/5a3d6107bf.jpg'),
(2495,'ä¸°æ»¡ç¾è¸å¥³ç¥æèsunnyæ¼å¦èº«å§¿è¯±æå¾ç','http://i1.whymtj.com/uploads/tu/201809/9999/def05962bd.jpg'),
(2496,'ä¸°æ»¡ç¾è¸å¥³ç¥æèsunnyæ¼å¦èº«å§¿è¯±æå¾ç','http://i1.whymtj.com/uploads/tu/201809/9999/0fafe3d465.jpg'),
(2497,'å½äº§ç­åç¾å¥³é¦è©åå¸¦å§å®¤å¯ç¾åç','http://i1.whymtj.com/uploads/tu/201812/9999/d0c3c93517.jpg'),
(2498,'å½äº§ç­åç¾å¥³é¦è©åå¸¦å§å®¤å¯ç¾åç','http://i1.whymtj.com/uploads/tu/201812/9999/db9a0eed51.jpg'),
(2499,'å½äº§ç­åç¾å¥³é¦è©åå¸¦å§å®¤å¯ç¾åç','http://i1.whymtj.com/uploads/tu/201812/9999/cb12167135.jpg'),
(2500,'å½äº§ç­åç¾å¥³é¦è©åå¸¦å§å®¤å¯ç¾åç','http://i1.whymtj.com/uploads/tu/201812/9999/0d27576b04.jpg'),
(2501,'å½äº§ç­åç¾å¥³é¦è©åå¸¦å§å®¤å¯ç¾åç','http://i1.whymtj.com/uploads/tu/201812/9999/f9450d7101.jpg'),
(2502,'å½äº§ç­åç¾å¥³é¦è©åå¸¦å§å®¤å¯ç¾åç','http://i1.whymtj.com/uploads/tu/201812/9999/03dbf96a1f.jpg'),
(2503,'å½äº§ç­åç¾å¥³é¦è©åå¸¦å§å®¤å¯ç¾åç','http://i1.whymtj.com/uploads/tu/201812/9999/c79a180f56.jpg'),
(2504,'å½äº§ç­åç¾å¥³é¦è©åå¸¦å§å®¤å¯ç¾åç','http://i1.whymtj.com/uploads/tu/201812/9999/c055db3d48.jpg'),
(2505,'é¥è¸å­¦çå¦¹ç¾å¥³çº¢è²æ ¡ææ§æå¶æè¯±æåç','http://i1.whymtj.com/uploads/tu/201804/9999/96d0bb32a7.jpg'),
(2506,'é¥è¸å­¦çå¦¹ç¾å¥³çº¢è²æ ¡ææ§æå¶æè¯±æåç','http://i1.whymtj.com/uploads/tu/201804/9999/f3e24605e6.jpg'),
(2507,'é¥è¸å­¦çå¦¹ç¾å¥³çº¢è²æ ¡ææ§æå¶æè¯±æåç','http://i1.whymtj.com/uploads/tu/201804/9999/3b2755d8ee.jpg'),
(2508,'é¥è¸å­¦çå¦¹ç¾å¥³çº¢è²æ ¡ææ§æå¶æè¯±æåç','http://i1.whymtj.com/uploads/tu/201804/9999/00e413ed17.jpg'),
(2509,'é¥è¸å­¦çå¦¹ç¾å¥³çº¢è²æ ¡ææ§æå¶æè¯±æåç','http://i1.whymtj.com/uploads/tu/201804/9999/6f885891d2.jpg'),
(2510,'é¥è¸å­¦çå¦¹ç¾å¥³çº¢è²æ ¡ææ§æå¶æè¯±æåç','http://i1.whymtj.com/uploads/tu/201804/9999/fa8f45c65a.jpg'),
(2511,'é¥è¸å­¦çå¦¹ç¾å¥³çº¢è²æ ¡ææ§æå¶æè¯±æåç','http://i1.whymtj.com/uploads/tu/201804/9999/04f14d239d.jpg'),
(2512,'é¥è¸å­¦çå¦¹ç¾å¥³çº¢è²æ ¡ææ§æå¶æè¯±æåç','http://i1.whymtj.com/uploads/tu/201804/9999/070703ce23.jpg'),
(2513,'å¤§éç¾å¥³æ¨¡ç¹ç½è²åå¸¦è£é«ææ¹ç«èº«ææ§æåçå¾ç','http://i1.whymtj.com/uploads/tu/201802/9999/d22321474d.jpg'),
(2514,'å¤§éç¾å¥³æ¨¡ç¹ç½è²åå¸¦è£é«ææ¹ç«èº«ææ§æåçå¾ç','http://i1.whymtj.com/uploads/tu/201802/9999/51eb87d71c.jpg'),
(2515,'å¤§éç¾å¥³æ¨¡ç¹ç½è²åå¸¦è£é«ææ¹ç«èº«ææ§æåçå¾ç','http://i1.whymtj.com/uploads/tu/201802/9999/a05689c0d6.jpg'),
(2516,'å¤§éç¾å¥³æ¨¡ç¹ç½è²åå¸¦è£é«ææ¹ç«èº«ææ§æåçå¾ç','http://i1.whymtj.com/uploads/tu/201802/9999/8df89c0c41.jpg'),
(2517,'å¤§éç¾å¥³æ¨¡ç¹ç½è²åå¸¦è£é«ææ¹ç«èº«ææ§æåçå¾ç','http://i1.whymtj.com/uploads/tu/201802/9999/5a55d0cc13.jpg'),
(2518,'å¤§éç¾å¥³æ¨¡ç¹ç½è²åå¸¦è£é«ææ¹ç«èº«ææ§æåçå¾ç','http://i1.whymtj.com/uploads/tu/201802/9999/3c872f0045.jpg'),
(2519,'å¤§éç¾å¥³æ¨¡ç¹ç½è²åå¸¦è£é«ææ¹ç«èº«ææ§æåçå¾ç','http://i1.whymtj.com/uploads/tu/201802/9999/c8ad611651.jpg'),
(2520,'å¤§éç¾å¥³æ¨¡ç¹ç½è²åå¸¦è£é«ææ¹ç«èº«ææ§æåçå¾ç','http://i1.whymtj.com/uploads/tu/201802/9999/49c6c2378a.jpg'),
(2521,'å¤§éç¾å¥³æ¨¡ç¹ç½è²åå¸¦è£é«ææ¹ç«èº«ææ§æåçå¾ç','http://i1.whymtj.com/uploads/tu/201802/9999/e1f39921d5.jpg'),
(2522,'å¤§éç¾å¥³æ¨¡ç¹ç½è²åå¸¦è£é«ææ¹ç«èº«ææ§æåçå¾ç','http://i1.whymtj.com/uploads/tu/201802/9999/8a461ad60c.jpg'),
(2523,'å¤§éç¾å¥³æ¨¡ç¹ç½è²åå¸¦è£é«ææ¹ç«èº«ææ§æåçå¾ç','http://i1.whymtj.com/uploads/tu/201802/9999/c9230c1184.jpg'),
(2524,'éªæ°åè¶³ç¾å¥³é£æè¯±æå¼ä¹æ¬²åºèªæå¾ç','http://i1.whymtj.com/uploads/tu/201809/9999/2565fd7ae3.jpg'),
(2525,'éªæ°åè¶³ç¾å¥³é£æè¯±æå¼ä¹æ¬²åºèªæå¾ç','http://i1.whymtj.com/uploads/tu/201809/9999/7eee6c9323.jpg'),
(2526,'éªæ°åè¶³ç¾å¥³é£æè¯±æå¼ä¹æ¬²åºèªæå¾ç','http://i1.whymtj.com/uploads/tu/201809/9999/7474779a62.jpg'),
(2527,'éªæ°åè¶³ç¾å¥³é£æè¯±æå¼ä¹æ¬²åºèªæå¾ç','http://i1.whymtj.com/uploads/tu/201809/9999/a8ec6eea3c.jpg'),
(2528,'éªæ°åè¶³ç¾å¥³é£æè¯±æå¼ä¹æ¬²åºèªæå¾ç','http://i1.whymtj.com/uploads/tu/201809/9999/ee7a0c5399.jpg'),
(2529,'éªæ°åè¶³ç¾å¥³é£æè¯±æå¼ä¹æ¬²åºèªæå¾ç','http://i1.whymtj.com/uploads/tu/201809/9999/97ad9878ac.jpg'),
(2530,'éªæ°åè¶³ç¾å¥³é£æè¯±æå¼ä¹æ¬²åºèªæå¾ç','http://i1.whymtj.com/uploads/tu/201809/9999/d69bd54f25.jpg'),
(2531,'ç¾å¥³è¸å¤§ç¾è³å®éçº¯æè´ä½æ§æç½å«©éºæ¿ææ°å½åç²¾ååç','http://i1.whymtj.com/uploads/tu/201907/9999/8561338c3a.jpg'),
(2532,'ç¾å¥³è¸å¤§ç¾è³å®éçº¯æè´ä½æ§æç½å«©éºæ¿ææ°å½åç²¾ååç','http://i1.whymtj.com/uploads/tu/201907/9999/2a8ac5e719.jpg'),
(2533,'ç¾å¥³è¸å¤§ç¾è³å®éçº¯æè´ä½æ§æç½å«©éºæ¿ææ°å½åç²¾ååç','http://i1.whymtj.com/uploads/tu/201907/9999/13944ee6f9.jpg'),
(2534,'ç¾å¥³è¸å¤§ç¾è³å®éçº¯æè´ä½æ§æç½å«©éºæ¿ææ°å½åç²¾ååç','http://i1.whymtj.com/uploads/tu/201907/9999/9b94582b44.jpg'),
(2535,'ç¾å¥³è¸å¤§ç¾è³å®éçº¯æè´ä½æ§æç½å«©éºæ¿ææ°å½åç²¾ååç','http://i1.whymtj.com/uploads/tu/201907/9999/95fbe58e86.jpg'),
(2536,'ç¾å¥³è¸å¤§ç¾è³å®éçº¯æè´ä½æ§æç½å«©éºæ¿ææ°å½åç²¾ååç','http://i1.whymtj.com/uploads/tu/201907/9999/7e1bf6cd68.jpg'),
(2537,'ç¾å¥³è¸å¤§ç¾è³å®éçº¯æè´ä½æ§æç½å«©éºæ¿ææ°å½åç²¾ååç','http://i1.whymtj.com/uploads/tu/201907/9999/aa6ad67f5e.jpg'),
(2538,'ç¾å¥³è¸å¤§ç¾è³å®éçº¯æè´ä½æ§æç½å«©éºæ¿ææ°å½åç²¾ååç','http://i1.whymtj.com/uploads/tu/201907/9999/03f572d46a.jpg'),
(2539,'å½æ°éºå¥³æ¯çå¤æ¥æ¸ç½ç©¿æ­çç¾æ§ææ·å¤åç','http://i1.whymtj.com/uploads/tu/201907/9999/c40014abac.jpg'),
(2540,'å½æ°éºå¥³æ¯çå¤æ¥æ¸ç½ç©¿æ­çç¾æ§ææ·å¤åç','http://i1.whymtj.com/uploads/tu/201907/9999/fbec9945c6.jpg'),
(2541,'å½æ°éºå¥³æ¯çå¤æ¥æ¸ç½ç©¿æ­çç¾æ§ææ·å¤åç','http://i1.whymtj.com/uploads/tu/201907/9999/806c9cfdb6.jpg'),
(2542,'å½æ°éºå¥³æ¯çå¤æ¥æ¸ç½ç©¿æ­çç¾æ§ææ·å¤åç','http://i1.whymtj.com/uploads/tu/201907/9999/7fc2e89b97.jpg'),
(2543,'å½æ°éºå¥³æ¯çå¤æ¥æ¸ç½ç©¿æ­çç¾æ§ææ·å¤åç','http://i1.whymtj.com/uploads/tu/201907/9999/b15612b495.jpg'),
(2544,'å½æ°éºå¥³æ¯çå¤æ¥æ¸ç½ç©¿æ­çç¾æ§ææ·å¤åç','http://i1.whymtj.com/uploads/tu/201907/9999/d1e1daa5ad.jpg'),
(2545,'å½æ°éºå¥³æ¯çå¤æ¥æ¸ç½ç©¿æ­çç¾æ§ææ·å¤åç','http://i1.whymtj.com/uploads/tu/201907/9999/993b976104.jpg'),
(2546,'å½æ°éºå¥³æ¯çå¤æ¥æ¸ç½ç©¿æ­çç¾æ§ææ·å¤åç','http://i1.whymtj.com/uploads/tu/201907/9999/c58779166a.jpg'),
(2547,'å½äº§å·¨ä¹³ç¾å¥³æ¨¡ç¹æ·±éäºä¸çº¿è¾ä¸åå¸¦åè¡£å¤§èåç','http://i1.whymtj.com/uploads/tu/201811/9999/455b1dfe82.jpg'),
(2548,'å½äº§å·¨ä¹³ç¾å¥³æ¨¡ç¹æ·±éäºä¸çº¿è¾ä¸åå¸¦åè¡£å¤§èåç','http://i1.whymtj.com/uploads/tu/201811/9999/8d8c5a5faf.jpg'),
(2549,'å½äº§å·¨ä¹³ç¾å¥³æ¨¡ç¹æ·±éäºä¸çº¿è¾ä¸åå¸¦åè¡£å¤§èåç','http://i1.whymtj.com/uploads/tu/201811/9999/18a63bc25c.jpg'),
(2550,'å½äº§å·¨ä¹³ç¾å¥³æ¨¡ç¹æ·±éäºä¸çº¿è¾ä¸åå¸¦åè¡£å¤§èåç','http://i1.whymtj.com/uploads/tu/201811/9999/2d65ce6760.jpg'),
(2551,'å½äº§å·¨ä¹³ç¾å¥³æ¨¡ç¹æ·±éäºä¸çº¿è¾ä¸åå¸¦åè¡£å¤§èåç','http://i1.whymtj.com/uploads/tu/201811/9999/4ef41bc5c8.jpg'),
(2552,'å½äº§å·¨ä¹³ç¾å¥³æ¨¡ç¹æ·±éäºä¸çº¿è¾ä¸åå¸¦åè¡£å¤§èåç','http://i1.whymtj.com/uploads/tu/201811/9999/556b246a4b.jpg'),
(2553,'å½äº§å·¨ä¹³ç¾å¥³æ¨¡ç¹æ·±éäºä¸çº¿è¾ä¸åå¸¦åè¡£å¤§èåç','http://i1.whymtj.com/uploads/tu/201811/9999/76121d37bb.jpg'),
(2554,'å½äº§å·¨ä¹³ç¾å¥³æ¨¡ç¹æ·±éäºä¸çº¿è¾ä¸åå¸¦åè¡£å¤§èåç','http://i1.whymtj.com/uploads/tu/201811/9999/a4f740461e.jpg'),
(2555,'ç¬¬ä¸ç¾è¿è½¯å¦¹å­ç§¦å²æ§æåå¸åç¿è¯±æå¾ç','http://i1.whymtj.com/uploads/tu/201810/9999/b9c814ab06.jpg'),
(2556,'ç¬¬ä¸ç¾è¿è½¯å¦¹å­ç§¦å²æ§æåå¸åç¿è¯±æå¾ç','http://i1.whymtj.com/uploads/tu/201810/9999/9327062931.jpg'),
(2557,'ç¬¬ä¸ç¾è¿è½¯å¦¹å­ç§¦å²æ§æåå¸åç¿è¯±æå¾ç','http://i1.whymtj.com/uploads/tu/201810/9999/4704677da4.jpg'),
(2558,'ç¬¬ä¸ç¾è¿è½¯å¦¹å­ç§¦å²æ§æåå¸åç¿è¯±æå¾ç','http://i1.whymtj.com/uploads/tu/201810/9999/60fc602b5d.jpg'),
(2559,'ç¬¬ä¸ç¾è¿è½¯å¦¹å­ç§¦å²æ§æåå¸åç¿è¯±æå¾ç','http://i1.whymtj.com/uploads/tu/201810/9999/ff07bcd951.jpg'),
(2560,'ç¬¬ä¸ç¾è¿è½¯å¦¹å­ç§¦å²æ§æåå¸åç¿è¯±æå¾ç','http://i1.whymtj.com/uploads/tu/201810/9999/5be7bee703.jpg'),
(2561,'ç¬¬ä¸ç¾è¿è½¯å¦¹å­ç§¦å²æ§æåå¸åç¿è¯±æå¾ç','http://i1.whymtj.com/uploads/tu/201810/9999/5158b6dece.jpg'),
(2562,'æéé»ä¸æ½é­å­é«è·æå·çº¢åè¯±æå¶æå±ç¤º','http://i1.whymtj.com/uploads/tu/201703/926/en40vrxsocf.jpg'),
(2563,'æéé»ä¸æ½é­å­é«è·æå·çº¢åè¯±æå¶æå±ç¤º','http://i1.whymtj.com/uploads/tu/201703/926/1y0fijwyykq.jpg'),
(2564,'æéé»ä¸æ½é­å­é«è·æå·çº¢åè¯±æå¶æå±ç¤º','http://i1.whymtj.com/uploads/tu/201703/926/0j5vgzwtm14.jpg'),
(2565,'æéé»ä¸æ½é­å­é«è·æå·çº¢åè¯±æå¶æå±ç¤º','http://i1.whymtj.com/uploads/tu/201703/926/pkiekchwctg.jpg'),
(2566,'æéé»ä¸æ½é­å­é«è·æå·çº¢åè¯±æå¶æå±ç¤º','http://i1.whymtj.com/uploads/tu/201703/926/qwmukmdsgr3.jpg'),
(2567,'æéé»ä¸æ½é­å­é«è·æå·çº¢åè¯±æå¶æå±ç¤º','http://i1.whymtj.com/uploads/tu/201703/926/us2v0ep1pc1.jpg'),
(2568,'æéé»ä¸æ½é­å­é«è·æå·çº¢åè¯±æå¶æå±ç¤º','http://i1.whymtj.com/uploads/tu/201703/926/bnsfl0qsybb.jpg'),
(2569,'æéé»ä¸æ½é­å­é«è·æå·çº¢åè¯±æå¶æå±ç¤º','http://i1.whymtj.com/uploads/tu/201703/926/tx2pgy5oboa.jpg'),
(2570,'æéé»ä¸æ½é­å­é«è·æå·çº¢åè¯±æå¶æå±ç¤º','http://i1.whymtj.com/uploads/tu/201703/926/gti0eymn5uc.jpg'),
(2571,'æéé»ä¸æ½é­å­é«è·æå·çº¢åè¯±æå¶æå±ç¤º','http://i1.whymtj.com/uploads/tu/201703/926/o5yzvlzdo2q.jpg'),
(2572,'æéé»ä¸æ½é­å­é«è·æå·çº¢åè¯±æå¶æå±ç¤º','http://i1.whymtj.com/uploads/tu/201703/926/5xtfydyyzvy.jpg'),
(2573,'æéé»ä¸æ½é­å­é«è·æå·çº¢åè¯±æå¶æå±ç¤º','http://i1.whymtj.com/uploads/tu/201703/926/0zcuta5n4l5.jpg'),
(2574,'æéé»ä¸æ½é­å­é«è·æå·çº¢åè¯±æå¶æå±ç¤º','http://i1.whymtj.com/uploads/tu/201703/926/5hxazjw2klj.jpg'),
(2575,'æéé»ä¸æ½é­å­é«è·æå·çº¢åè¯±æå¶æå±ç¤º','http://i1.whymtj.com/uploads/tu/201703/926/ehhyfvhscfn.jpg'),
(2576,'æéé»ä¸æ½é­å­é«è·æå·çº¢åè¯±æå¶æå±ç¤º','http://i1.whymtj.com/uploads/tu/201703/926/jwwlmezx45g.jpg'),
(2577,'æéé»ä¸æ½é­å­é«è·æå·çº¢åè¯±æå¶æå±ç¤º','http://i1.whymtj.com/uploads/tu/201703/926/nsnnxziqw0i.jpg'),
(2578,'æéé»ä¸æ½é­å­é«è·æå·çº¢åè¯±æå¶æå±ç¤º','http://i1.whymtj.com/uploads/tu/201703/926/m51c3nyrb02.jpg'),
(2579,'æéé»ä¸æ½é­å­é«è·æå·çº¢åè¯±æå¶æå±ç¤º','http://i1.whymtj.com/uploads/tu/201703/926/td54myiieli.jpg'),
(2580,'æ¸çº¯å¶æå­¦çå¦¹å¯ç¾è¯±æçç¾ç§æ¿åçå¾ç','http://i1.whymtj.com/uploads/tu/201710/9999/25113f11fa.jpg'),
(2581,'æ¸çº¯å¶æå­¦çå¦¹å¯ç¾è¯±æçç¾ç§æ¿åçå¾ç','http://i1.whymtj.com/uploads/tu/201710/9999/59cddfee4f.jpg'),
(2582,'æ¸çº¯å¶æå­¦çå¦¹å¯ç¾è¯±æçç¾ç§æ¿åçå¾ç','http://i1.whymtj.com/uploads/tu/201710/9999/6b15be1c1a.jpg'),
(2583,'æ¸çº¯å¶æå­¦çå¦¹å¯ç¾è¯±æçç¾ç§æ¿åçå¾ç','http://i1.whymtj.com/uploads/tu/201710/9999/be65e01253.jpg'),
(2584,'æ¸çº¯å¶æå­¦çå¦¹å¯ç¾è¯±æçç¾ç§æ¿åçå¾ç','http://i1.whymtj.com/uploads/tu/201710/9999/a574675081.jpg'),
(2585,'æ¸çº¯å¶æå­¦çå¦¹å¯ç¾è¯±æçç¾ç§æ¿åçå¾ç','http://i1.whymtj.com/uploads/tu/201710/9999/236c22af99.jpg'),
(2586,'å½äº§åæ°å°å¥³çç¾æ¸æ°æ°è´¨ç¾å¥³åç','http://i1.whymtj.com/uploads/tu/201812/9999/0fd3149dfe.jpg'),
(2587,'å½äº§åæ°å°å¥³çç¾æ¸æ°æ°è´¨ç¾å¥³åç','http://i1.whymtj.com/uploads/tu/201812/9999/2c656117ae.jpg'),
(2588,'å½äº§åæ°å°å¥³çç¾æ¸æ°æ°è´¨ç¾å¥³åç','http://i1.whymtj.com/uploads/tu/201812/9999/f1337610b6.jpg'),
(2589,'å½äº§åæ°å°å¥³çç¾æ¸æ°æ°è´¨ç¾å¥³åç','http://i1.whymtj.com/uploads/tu/201812/9999/4ee160d3e1.jpg'),
(2590,'å½äº§åæ°å°å¥³çç¾æ¸æ°æ°è´¨ç¾å¥³åç','http://i1.whymtj.com/uploads/tu/201812/9999/33003e92e8.jpg'),
(2591,'å½äº§åæ°å°å¥³çç¾æ¸æ°æ°è´¨ç¾å¥³åç','http://i1.whymtj.com/uploads/tu/201812/9999/3cd47e88b7.jpg'),
(2592,'å½äº§åæ°å°å¥³çç¾æ¸æ°æ°è´¨ç¾å¥³åç','http://i1.whymtj.com/uploads/tu/201812/9999/d83e8356ed.jpg'),
(2593,'å½äº§åæ°å°å¥³çç¾æ¸æ°æ°è´¨ç¾å¥³åç','http://i1.whymtj.com/uploads/tu/201812/9999/2c76c45d46.jpg'),
(2594,'é»é¿ç´åç¾å¥³æ¨¡ç¹å°æ¸æ°æ·å¤æå½±åçå¾ç','http://i1.whymtj.com/uploads/tu/201805/9999/e8816be2e1.png'),
(2595,'é»é¿ç´åç¾å¥³æ¨¡ç¹å°æ¸æ°æ·å¤æå½±åçå¾ç','http://i1.whymtj.com/uploads/tu/201805/9999/7afc32462f.png'),
(2596,'é»é¿ç´åç¾å¥³æ¨¡ç¹å°æ¸æ°æ·å¤æå½±åçå¾ç','http://i1.whymtj.com/uploads/tu/201805/9999/13dfc7c49c.png'),
(2597,'é»é¿ç´åç¾å¥³æ¨¡ç¹å°æ¸æ°æ·å¤æå½±åçå¾ç','http://i1.whymtj.com/uploads/tu/201805/9999/b53e01714c.png'),
(2598,'é»é¿ç´åç¾å¥³æ¨¡ç¹å°æ¸æ°æ·å¤æå½±åçå¾ç','http://i1.whymtj.com/uploads/tu/201805/9999/b5c0ef549f.png'),
(2599,'é»é¿ç´åç¾å¥³æ¨¡ç¹å°æ¸æ°æ·å¤æå½±åçå¾ç','http://i1.whymtj.com/uploads/tu/201805/9999/edc2d6772f.png'),
(2600,'é»é¿ç´åç¾å¥³æ¨¡ç¹å°æ¸æ°æ·å¤æå½±åçå¾ç','http://i1.whymtj.com/uploads/tu/201805/9999/bcf9d74a81.png'),
(2601,'é»é¿ç´åç¾å¥³æ¨¡ç¹å°æ¸æ°æ·å¤æå½±åçå¾ç','http://i1.whymtj.com/uploads/tu/201805/9999/45e2b41ee7.png'),
(2602,'é»é¿ç´åç¾å¥³æ¨¡ç¹å°æ¸æ°æ·å¤æå½±åçå¾ç','http://i1.whymtj.com/uploads/tu/201805/9999/b72596582d.png'),
(2603,'æåäºæ´²å¤§é¿è¿ç¾å¥³æ¨¡ç¹å¦å¨è¯±äººæ§æåç','http://i1.whymtj.com/uploads/tu/201902/9999/a9ad454a08.jpg'),
(2604,'æåäºæ´²å¤§é¿è¿ç¾å¥³æ¨¡ç¹å¦å¨è¯±äººæ§æåç','http://i1.whymtj.com/uploads/tu/201902/9999/31f7857bfe.jpg'),
(2605,'æåäºæ´²å¤§é¿è¿ç¾å¥³æ¨¡ç¹å¦å¨è¯±äººæ§æåç','http://i1.whymtj.com/uploads/tu/201902/9999/1fd1964abc.jpg'),
(2606,'æåäºæ´²å¤§é¿è¿ç¾å¥³æ¨¡ç¹å¦å¨è¯±äººæ§æåç','http://i1.whymtj.com/uploads/tu/201902/9999/495d4e1d5b.jpg'),
(2607,'æåäºæ´²å¤§é¿è¿ç¾å¥³æ¨¡ç¹å¦å¨è¯±äººæ§æåç','http://i1.whymtj.com/uploads/tu/201902/9999/f5ed8735fb.jpg'),
(2608,'æåäºæ´²å¤§é¿è¿ç¾å¥³æ¨¡ç¹å¦å¨è¯±äººæ§æåç','http://i1.whymtj.com/uploads/tu/201902/9999/6c531438c0.jpg'),
(2609,'æåäºæ´²å¤§é¿è¿ç¾å¥³æ¨¡ç¹å¦å¨è¯±äººæ§æåç','http://i1.whymtj.com/uploads/tu/201902/9999/cd6fdf67d0.jpg'),
(2610,'æåäºæ´²å¤§é¿è¿ç¾å¥³æ¨¡ç¹å¦å¨è¯±äººæ§æåç','http://i1.whymtj.com/uploads/tu/201902/9999/238ae3f933.jpg'),
(2611,'æåäºæ´²å¤§é¿è¿ç¾å¥³æ¨¡ç¹å¦å¨è¯±äººæ§æåç','http://i1.whymtj.com/uploads/tu/201902/9999/f82aee4075.jpg'),
(2612,'æåäºæ´²å¤§é¿è¿ç¾å¥³æ¨¡ç¹å¦å¨è¯±äººæ§æåç','http://i1.whymtj.com/uploads/tu/201902/9999/78c0171ec9.jpg'),
(2613,'æåäºæ´²å¤§é¿è¿ç¾å¥³æ¨¡ç¹å¦å¨è¯±äººæ§æåç','http://i1.whymtj.com/uploads/tu/201902/9999/b30ebba198.jpg'),
(2614,'æåäºæ´²å¤§é¿è¿ç¾å¥³æ¨¡ç¹å¦å¨è¯±äººæ§æåç','http://i1.whymtj.com/uploads/tu/201902/9999/acd3c61cd5.jpg'),
(2615,'æåäºæ´²å¤§é¿è¿ç¾å¥³æ¨¡ç¹å¦å¨è¯±äººæ§æåç','http://i1.whymtj.com/uploads/tu/201902/9999/016f4b7242.jpg'),
(2616,'æåäºæ´²å¤§é¿è¿ç¾å¥³æ¨¡ç¹å¦å¨è¯±äººæ§æåç','http://i1.whymtj.com/uploads/tu/201902/9999/f04dfb1ed7.jpg'),
(2617,'æåäºæ´²å¤§é¿è¿ç¾å¥³æ¨¡ç¹å¦å¨è¯±äººæ§æåç','http://i1.whymtj.com/uploads/tu/201902/9999/ef03a4e728.jpg'),
(2618,'æåäºæ´²å¤§é¿è¿ç¾å¥³æ¨¡ç¹å¦å¨è¯±äººæ§æåç','http://i1.whymtj.com/uploads/tu/201902/9999/f49de5cec5.jpg'),
(2619,'Beautyleg  Lynnç¾è¿å¯«ç','http://i1.whymtj.com/uploads/tu/201708/9999/2eb2002e98.jpg'),
(2620,'Beautyleg  Lynnç¾è¿å¯«ç','http://i1.whymtj.com/uploads/tu/201708/9999/d99366bf3f.jpg'),
(2621,'Beautyleg  Lynnç¾è¿å¯«ç','http://i1.whymtj.com/uploads/tu/201708/9999/db25681dff.jpg'),
(2622,'Beautyleg  Lynnç¾è¿å¯«ç','http://i1.whymtj.com/uploads/tu/201708/9999/00ca027bc5.jpg'),
(2623,'Beautyleg  Lynnç¾è¿å¯«ç','http://i1.whymtj.com/uploads/tu/201708/9999/2eb2002e98.jpg'),
(2624,'Beautyleg  Lynnç¾è¿å¯«ç','http://i1.whymtj.com/uploads/tu/201708/9999/d99366bf3f.jpg'),
(2625,'Beautyleg  Lynnç¾è¿å¯«ç','http://i1.whymtj.com/uploads/tu/201708/9999/db25681dff.jpg'),
(2626,'å½äº§ç½çº¢ç¾å¥³ä¸°æ»¡å¤§è¸ç¾è¿A4è°å¯ç¾ææåç','http://i1.whymtj.com/uploads/tu/201901/9999/98b8c206a4.jpg'),
(2627,'å½äº§ç½çº¢ç¾å¥³ä¸°æ»¡å¤§è¸ç¾è¿A4è°å¯ç¾ææåç','http://i1.whymtj.com/uploads/tu/201901/9999/8a095efea1.jpg'),
(2628,'å½äº§ç½çº¢ç¾å¥³ä¸°æ»¡å¤§è¸ç¾è¿A4è°å¯ç¾ææåç','http://i1.whymtj.com/uploads/tu/201901/9999/35dbba7ee6.jpg'),
(2629,'å½äº§ç½çº¢ç¾å¥³ä¸°æ»¡å¤§è¸ç¾è¿A4è°å¯ç¾ææåç','http://i1.whymtj.com/uploads/tu/201901/9999/fb71e6390f.jpg'),
(2630,'å½äº§ç½çº¢ç¾å¥³ä¸°æ»¡å¤§è¸ç¾è¿A4è°å¯ç¾ææåç','http://i1.whymtj.com/uploads/tu/201901/9999/ceed9c5e60.jpg'),
(2631,'å½äº§ç½çº¢ç¾å¥³ä¸°æ»¡å¤§è¸ç¾è¿A4è°å¯ç¾ææåç','http://i1.whymtj.com/uploads/tu/201901/9999/0fc0b869d1.jpg'),
(2632,'å½äº§ç½çº¢ç¾å¥³ä¸°æ»¡å¤§è¸ç¾è¿A4è°å¯ç¾ææåç','http://i1.whymtj.com/uploads/tu/201901/9999/e14fe05c0f.jpg'),
(2633,'å½äº§ç½çº¢ç¾å¥³ä¸°æ»¡å¤§è¸ç¾è¿A4è°å¯ç¾ææåç','http://i1.whymtj.com/uploads/tu/201901/9999/916cbb7c50.jpg'),
(2634,'å½äº§ç½çº¢ç¾å¥³ä¸°æ»¡å¤§è¸ç¾è¿A4è°å¯ç¾ææåç','http://i1.whymtj.com/uploads/tu/201901/9999/3b13181a50.jpg'),
(2635,'å½äº§ç½çº¢ç¾å¥³ä¸°æ»¡å¤§è¸ç¾è¿A4è°å¯ç¾ææåç','http://i1.whymtj.com/uploads/tu/201901/9999/c711e7f826.jpg'),
(2636,'å½äº§ç½çº¢ç¾å¥³ä¸°æ»¡å¤§è¸ç¾è¿A4è°å¯ç¾ææåç','http://i1.whymtj.com/uploads/tu/201901/9999/d5d716e695.jpg'),
(2637,'å½äº§ç½çº¢ç¾å¥³ä¸°æ»¡å¤§è¸ç¾è¿A4è°å¯ç¾ææåç','http://i1.whymtj.com/uploads/tu/201901/9999/f33e455e7a.jpg'),
(2638,'å½äº§ç½çº¢ç¾å¥³ä¸°æ»¡å¤§è¸ç¾è¿A4è°å¯ç¾ææåç','http://i1.whymtj.com/uploads/tu/201901/9999/7f707e8726.jpg'),
(2639,'å½äº§ç½çº¢ç¾å¥³ä¸°æ»¡å¤§è¸ç¾è¿A4è°å¯ç¾ææåç','http://i1.whymtj.com/uploads/tu/201901/9999/ccfe5813f1.jpg'),
(2640,'å½äº§ç¾å¥³å°èèä¿ç®å¯ç±ç½çç¾è¿ç§æ¿åç','http://i1.whymtj.com/uploads/tu/201812/9999/8bbad17d5e.jpg'),
(2641,'å½äº§ç¾å¥³å°èèä¿ç®å¯ç±ç½çç¾è¿ç§æ¿åç','http://i1.whymtj.com/uploads/tu/201812/9999/88859ec391.jpg'),
(2642,'å½äº§ç¾å¥³å°èèä¿ç®å¯ç±ç½çç¾è¿ç§æ¿åç','http://i1.whymtj.com/uploads/tu/201812/9999/bbaaa0bc1e.jpg'),
(2643,'å½äº§ç¾å¥³å°èèä¿ç®å¯ç±ç½çç¾è¿ç§æ¿åç','http://i1.whymtj.com/uploads/tu/201812/9999/fe905adbb0.jpg'),
(2644,'å½äº§ç¾å¥³å°èèä¿ç®å¯ç±ç½çç¾è¿ç§æ¿åç','http://i1.whymtj.com/uploads/tu/201812/9999/37fcaaf093.jpg'),
(2645,'å½äº§ç¾å¥³å°èèä¿ç®å¯ç±ç½çç¾è¿ç§æ¿åç','http://i1.whymtj.com/uploads/tu/201812/9999/6a773e8254.jpg'),
(2646,'å½äº§ç¾å¥³å°èèä¿ç®å¯ç±ç½çç¾è¿ç§æ¿åç','http://i1.whymtj.com/uploads/tu/201812/9999/137a7ab67a.jpg'),
(2647,'å½äº§ç¾å¥³å°èèä¿ç®å¯ç±ç½çç¾è¿ç§æ¿åç','http://i1.whymtj.com/uploads/tu/201812/9999/b9e693f40d.jpg'),
(2648,'å½äº§ç¾å¥³å°èèä¿ç®å¯ç±ç½çç¾è¿ç§æ¿åç','http://i1.whymtj.com/uploads/tu/201812/9999/d6714aaeb9.jpg'),
(2649,'å½äº§ç¾å¥³å°èèä¿ç®å¯ç±ç½çç¾è¿ç§æ¿åç','http://i1.whymtj.com/uploads/tu/201812/9999/92e2dad69c.jpg'),
(2650,'å½äº§ç¾å¥³å°èèä¿ç®å¯ç±ç½çç¾è¿ç§æ¿åç','http://i1.whymtj.com/uploads/tu/201812/9999/c82de166fb.jpg'),
(2651,'[Liguiä¸½æ]2016.10.30 Model åå¿ [32P]','http://i1.whymtj.com/uploads/tu/201612/923/rfdujcl5ksc.jpg'),
(2652,'[Liguiä¸½æ]2016.10.30 Model åå¿ [32P]','http://i1.whymtj.com/uploads/tu/201612/923/rqiam5icms3.jpg'),
(2653,'[Liguiä¸½æ]2016.10.30 Model åå¿ [32P]','http://i1.whymtj.com/uploads/tu/201612/923/jzoerwp1woh.jpg'),
(2654,'[Liguiä¸½æ]2016.10.30 Model åå¿ [32P]','http://i1.whymtj.com/uploads/tu/201612/923/1i2ejialuhj.jpg'),
(2655,'[Liguiä¸½æ]2016.10.30 Model åå¿ [32P]','http://i1.whymtj.com/uploads/tu/201612/923/rvrqreuuiwy.jpg'),
(2656,'[Liguiä¸½æ]2016.10.30 Model åå¿ [32P]','http://i1.whymtj.com/uploads/tu/201612/923/0ntrve12cls.jpg'),
(2657,'[Liguiä¸½æ]2016.10.30 Model åå¿ [32P]','http://i1.whymtj.com/uploads/tu/201612/923/fi1ohpe5qmy.jpg'),
(2658,'[Liguiä¸½æ]2016.10.30 Model åå¿ [32P]','http://i1.whymtj.com/uploads/tu/201612/923/oen5uxle3nx.jpg'),
(2659,'[Liguiä¸½æ]2016.10.30 Model åå¿ [32P]','http://i1.whymtj.com/uploads/tu/201612/923/kputiigpyux.jpg'),
(2660,'[Liguiä¸½æ]2016.10.30 Model åå¿ [32P]','http://i1.whymtj.com/uploads/tu/201612/923/nma0lhxcyom.jpg'),
(2661,'[Liguiä¸½æ]2016.10.30 Model åå¿ [32P]','http://i1.whymtj.com/uploads/tu/201612/923/njfwasade3d.jpg'),
(2662,'[Liguiä¸½æ]2016.10.30 Model åå¿ [32P]','http://i1.whymtj.com/uploads/tu/201612/923/32k10qvihdk.jpg'),
(2663,'[Liguiä¸½æ]2016.10.30 Model åå¿ [32P]','http://i1.whymtj.com/uploads/tu/201612/923/uunxbeayl0h.jpg'),
(2664,'[Liguiä¸½æ]2016.10.30 Model åå¿ [32P]','http://i1.whymtj.com/uploads/tu/201612/923/so5hsjkdhzi.jpg'),
(2665,'[Liguiä¸½æ]2016.10.30 Model åå¿ [32P]','http://i1.whymtj.com/uploads/tu/201612/923/vekekxipjwh.jpg'),
(2666,'[Liguiä¸½æ]2016.10.30 Model åå¿ [32P]','http://i1.whymtj.com/uploads/tu/201612/923/natehsxcblk.jpg'),
(2667,'[Liguiä¸½æ]2016.10.30 Model åå¿ [32P]','http://i1.whymtj.com/uploads/tu/201612/923/f4jwpfnjx54.jpg'),
(2668,'[Liguiä¸½æ]2016.10.30 Model åå¿ [32P]','http://i1.whymtj.com/uploads/tu/201612/923/bvegj3qgrj4.jpg'),
(2669,'[Liguiä¸½æ]2016.08.26 Model è¯­å¯ [26P]','http://i1.whymtj.com/uploads/tu/201612/926/xruluyzr5nk.jpg'),
(2670,'[Liguiä¸½æ]2016.08.26 Model è¯­å¯ [26P]','http://i1.whymtj.com/uploads/tu/201612/926/3ih12ylywwj.jpg'),
(2671,'[Liguiä¸½æ]2016.08.26 Model è¯­å¯ [26P]','http://i1.whymtj.com/uploads/tu/201612/926/kanklqazpfh.jpg'),
(2672,'[Liguiä¸½æ]2016.08.26 Model è¯­å¯ [26P]','http://i1.whymtj.com/uploads/tu/201612/926/glwucwoloyw.jpg'),
(2673,'[Liguiä¸½æ]2016.08.26 Model è¯­å¯ [26P]','http://i1.whymtj.com/uploads/tu/201612/926/mu24g4rkhfw.jpg'),
(2674,'[Liguiä¸½æ]2016.08.26 Model è¯­å¯ [26P]','http://i1.whymtj.com/uploads/tu/201612/926/rfkoyelodml.jpg'),
(2675,'[Liguiä¸½æ]2016.08.26 Model è¯­å¯ [26P]','http://i1.whymtj.com/uploads/tu/201612/926/4r1dp3z2opg.jpg'),
(2676,'[Liguiä¸½æ]2016.08.26 Model è¯­å¯ [26P]','http://i1.whymtj.com/uploads/tu/201612/926/mpcczwgski2.jpg'),
(2677,'[Liguiä¸½æ]2016.08.26 Model è¯­å¯ [26P]','http://i1.whymtj.com/uploads/tu/201612/926/wauryyoq0rf.jpg'),
(2678,'[Liguiä¸½æ]2016.08.26 Model è¯­å¯ [26P]','http://i1.whymtj.com/uploads/tu/201612/926/cn1434berou.jpg'),
(2679,'[Liguiä¸½æ]2016.08.26 Model è¯­å¯ [26P]','http://i1.whymtj.com/uploads/tu/201612/926/zzk2bstecpj.jpg'),
(2680,'[Liguiä¸½æ]2016.08.26 Model è¯­å¯ [26P]','http://i1.whymtj.com/uploads/tu/201612/926/vuhvrfemyx3.jpg'),
(2681,'[Liguiä¸½æ]2016.08.26 Model è¯­å¯ [26P]','http://i1.whymtj.com/uploads/tu/201612/926/jrhd4nesdpt.jpg'),
(2682,'[Liguiä¸½æ]2016.08.26 Model è¯­å¯ [26P]','http://i1.whymtj.com/uploads/tu/201612/926/mllvlo2wa2m.jpg'),
(2683,'[Liguiä¸½æ]2016.08.26 Model è¯­å¯ [26P]','http://i1.whymtj.com/uploads/tu/201612/926/uqxeqapsjqk.jpg'),
(2684,'[Liguiä¸½æ]2016.08.26 Model è¯­å¯ [26P]','http://i1.whymtj.com/uploads/tu/201612/926/0wfq54053oo.jpg'),
(2685,'[Liguiä¸½æ]2016.08.26 Model è¯­å¯ [26P]','http://i1.whymtj.com/uploads/tu/201612/926/uxf3qry0mtt.jpg'),
(2686,'[Liguiä¸½æ]2016.08.26 Model è¯­å¯ [26P]','http://i1.whymtj.com/uploads/tu/201612/926/gotui3bwmqa.jpg'),
(2687,'åè£¸èç¾å¥³ä¿®é¿ç¾è¿é£æè¯±äººç§æ¿åç','http://i1.whymtj.com/uploads/tu/201803/9999/5e6d81174e.jpg'),
(2688,'åè£¸èç¾å¥³ä¿®é¿ç¾è¿é£æè¯±äººç§æ¿åç','http://i1.whymtj.com/uploads/tu/201803/9999/a54e864a4c.jpg'),
(2689,'åè£¸èç¾å¥³ä¿®é¿ç¾è¿é£æè¯±äººç§æ¿åç','http://i1.whymtj.com/uploads/tu/201803/9999/98273d5de9.jpg'),
(2690,'åè£¸èç¾å¥³ä¿®é¿ç¾è¿é£æè¯±äººç§æ¿åç','http://i1.whymtj.com/uploads/tu/201803/9999/9ad6987ceb.jpg'),
(2691,'åè£¸èç¾å¥³ä¿®é¿ç¾è¿é£æè¯±äººç§æ¿åç','http://i1.whymtj.com/uploads/tu/201803/9999/e3c079a0e1.jpg'),
(2692,'åè£¸èç¾å¥³ä¿®é¿ç¾è¿é£æè¯±äººç§æ¿åç','http://i1.whymtj.com/uploads/tu/201803/9999/3c6870aec1.jpg'),
(2693,'åè£¸èç¾å¥³ä¿®é¿ç¾è¿é£æè¯±äººç§æ¿åç','http://i1.whymtj.com/uploads/tu/201803/9999/521264dbdb.jpg'),
(2694,'åè£¸èç¾å¥³ä¿®é¿ç¾è¿é£æè¯±äººç§æ¿åç','http://i1.whymtj.com/uploads/tu/201803/9999/970d0908e4.jpg'),
(2695,'åè£¸èç¾å¥³ä¿®é¿ç¾è¿é£æè¯±äººç§æ¿åç','http://i1.whymtj.com/uploads/tu/201803/9999/b5f9420d97.jpg'),
(2696,'åè£¸èç¾å¥³ä¿®é¿ç¾è¿é£æè¯±äººç§æ¿åç','http://i1.whymtj.com/uploads/tu/201803/9999/60ae87e0d9.jpg'),
(2697,'åè£¸èç¾å¥³ä¿®é¿ç¾è¿é£æè¯±äººç§æ¿åç','http://i1.whymtj.com/uploads/tu/201803/9999/abd037e28c.jpg'),
(2698,'åè£¸èç¾å¥³ä¿®é¿ç¾è¿é£æè¯±äººç§æ¿åç','http://i1.whymtj.com/uploads/tu/201803/9999/6da5212354.jpg'),
(2699,'åè£¸èç¾å¥³ä¿®é¿ç¾è¿é£æè¯±äººç§æ¿åç','http://i1.whymtj.com/uploads/tu/201803/9999/878f690863.jpg'),
(2700,'ç¿èç¾å¥³æ§æçä»ç­è£¤é£éªè¯±äººéé­åç','http://i1.whymtj.com/uploads/tu/201804/9999/36621b28ea.jpg'),
(2701,'ç¿èç¾å¥³æ§æçä»ç­è£¤é£éªè¯±äººéé­åç','http://i1.whymtj.com/uploads/tu/201804/9999/3c52cddaac.jpg'),
(2702,'ç¿èç¾å¥³æ§æçä»ç­è£¤é£éªè¯±äººéé­åç','http://i1.whymtj.com/uploads/tu/201804/9999/8e73e0a427.jpg'),
(2703,'ç¿èç¾å¥³æ§æçä»ç­è£¤é£éªè¯±äººéé­åç','http://i1.whymtj.com/uploads/tu/201804/9999/82cf369191.jpg'),
(2704,'ç¿èç¾å¥³æ§æçä»ç­è£¤é£éªè¯±äººéé­åç','http://i1.whymtj.com/uploads/tu/201804/9999/35ce2f7650.jpg'),
(2705,'ç¿èç¾å¥³æ§æçä»ç­è£¤é£éªè¯±äººéé­åç','http://i1.whymtj.com/uploads/tu/201804/9999/c2818de222.jpg'),
(2706,'ç¿èç¾å¥³æ§æçä»ç­è£¤é£éªè¯±äººéé­åç','http://i1.whymtj.com/uploads/tu/201804/9999/b210229cec.jpg'),
(2707,'ç¿èç¾å¥³æ§æçä»ç­è£¤é£éªè¯±äººéé­åç','http://i1.whymtj.com/uploads/tu/201804/9999/fe75ca93e6.jpg'),
(2708,'ç¿èç¾å¥³æ§æçä»ç­è£¤é£éªè¯±äººéé­åç','http://i1.whymtj.com/uploads/tu/201804/9999/98e83f9b9d.jpg'),
(2709,'ç¿èç¾å¥³æ§æçä»ç­è£¤é£éªè¯±äººéé­åç','http://i1.whymtj.com/uploads/tu/201804/9999/a7e740146d.jpg'),
(2710,'ç¿èç¾å¥³æ§æçä»ç­è£¤é£éªè¯±äººéé­åç','http://i1.whymtj.com/uploads/tu/201804/9999/aa7b28a54f.jpg'),
(2711,'ç¿èç¾å¥³æ§æçä»ç­è£¤é£éªè¯±äººéé­åç','http://i1.whymtj.com/uploads/tu/201804/9999/c5397fa29b.jpg'),
(2712,'ç¿èç¾å¥³æ§æçä»ç­è£¤é£éªè¯±äººéé­åç','http://i1.whymtj.com/uploads/tu/201804/9999/4f7741fc6d.jpg'),
(2713,'ç¿èç¾å¥³æ§æçä»ç­è£¤é£éªè¯±äººéé­åç','http://i1.whymtj.com/uploads/tu/201804/9999/69731feafa.jpg'),
(2714,'ç¿èç¾å¥³æ§æçä»ç­è£¤é£éªè¯±äººéé­åç','http://i1.whymtj.com/uploads/tu/201804/9999/87892578ef.jpg'),
(2715,'ç¿èç¾å¥³æ§æçä»ç­è£¤é£éªè¯±äººéé­åç','http://i1.whymtj.com/uploads/tu/201804/9999/3c9f4ffe4c.jpg'),
(2716,'ç¿èç¾å¥³æ§æçä»ç­è£¤é£éªè¯±äººéé­åç','http://i1.whymtj.com/uploads/tu/201804/9999/776b68c1d1.jpg'),
(2717,'[Liguiä¸½æ]2016.08.03 Model Kitty [23P]','http://i1.whymtj.com/uploads/tu/201612/926/pznd2fm1cfl.jpg'),
(2718,'[Liguiä¸½æ]2016.08.03 Model Kitty [23P]','http://i1.whymtj.com/uploads/tu/201612/926/4q0wz2oqwii.jpg'),
(2719,'[Liguiä¸½æ]2016.08.03 Model Kitty [23P]','http://i1.whymtj.com/uploads/tu/201612/926/jre1ovtur1s.jpg'),
(2720,'[Liguiä¸½æ]2016.08.03 Model Kitty [23P]','http://i1.whymtj.com/uploads/tu/201612/926/ccseeg5wj2d.jpg'),
(2721,'[Liguiä¸½æ]2016.08.03 Model Kitty [23P]','http://i1.whymtj.com/uploads/tu/201612/926/vdcdb5rdmpb.jpg'),
(2722,'[Liguiä¸½æ]2016.08.03 Model Kitty [23P]','http://i1.whymtj.com/uploads/tu/201612/926/wpnjqkkqs0a.jpg'),
(2723,'[Liguiä¸½æ]2016.08.03 Model Kitty [23P]','http://i1.whymtj.com/uploads/tu/201612/926/5zqlsvrgza2.jpg'),
(2724,'[Liguiä¸½æ]2016.08.03 Model Kitty [23P]','http://i1.whymtj.com/uploads/tu/201612/926/dr1nj4jwugp.jpg'),
(2725,'[Liguiä¸½æ]2016.08.03 Model Kitty [23P]','http://i1.whymtj.com/uploads/tu/201612/926/asvbofooebd.jpg'),
(2726,'[Liguiä¸½æ]2016.08.03 Model Kitty [23P]','http://i1.whymtj.com/uploads/tu/201612/926/xcx4tlrryjr.jpg'),
(2727,'[Liguiä¸½æ]2016.08.03 Model Kitty [23P]','http://i1.whymtj.com/uploads/tu/201612/926/rzdysmwd45x.jpg'),
(2728,'[Liguiä¸½æ]2016.08.03 Model Kitty [23P]','http://i1.whymtj.com/uploads/tu/201612/926/p245pck0cks.jpg'),
(2729,'[Liguiä¸½æ]2016.08.03 Model Kitty [23P]','http://i1.whymtj.com/uploads/tu/201612/926/sq2bmmxot0z.jpg'),
(2730,'[Liguiä¸½æ]2016.08.03 Model Kitty [23P]','http://i1.whymtj.com/uploads/tu/201612/926/zfuaoxu4kwb.jpg');

/*Table structure for table `images` */

DROP TABLE IF EXISTS `images`;

CREATE TABLE `images` (
  `id` int(11) NOT NULL AUTO_INCREMENT,
  `name` varchar(255) DEFAULT NULL,
  `imageUrl` varchar(255) DEFAULT NULL,
  PRIMARY KEY (`id`)
) ENGINE=InnoDB AUTO_INCREMENT=527 DEFAULT CHARSET=utf8;

/*Data for the table `images` */

insert  into `images`(`id`,`name`,`imageUrl`) values 
(0,NULL,'0.jpg'),
(1,'图片','1.jpg'),
(2,'图片','2.jpg'),
(3,'图片','3.jpg'),
(4,'图片','4.jpg'),
(5,'图片','5.jpg'),
(6,'图片','6.jpg'),
(7,'图片','7.jpg'),
(8,'图片','8.jpg'),
(9,'图片','9.jpg'),
(10,'图片','10.jpg'),
(11,'图片','11.jpg'),
(12,'图片','12.jpg'),
(13,'图片','13.jpg'),
(14,'图片','14.jpg'),
(15,'图片','15.jpg'),
(16,'图片','16.jpg'),
(17,'图片','17.jpg'),
(18,'图片','18.jpg'),
(19,'图片','19.jpg'),
(20,'图片','20.jpg'),
(21,'图片','21.jpg'),
(22,'图片','22.jpg'),
(23,'图片','23.jpg'),
(24,'图片','24.jpg'),
(25,'图片','25.jpg'),
(26,'图片','26.jpg'),
(27,'图片','27.jpg'),
(28,'图片','28.jpg'),
(29,'图片','29.jpg'),
(30,'图片','30.jpg'),
(31,'图片','31.jpg'),
(32,'图片','32.jpg'),
(33,'图片','33.jpg'),
(34,'图片','34.jpg'),
(35,'图片','35.jpg'),
(36,'图片','36.jpg'),
(37,'图片','37.jpg'),
(38,'图片','38.jpg'),
(39,'图片','39.jpg'),
(40,'图片','40.jpg'),
(41,'图片','41.jpg'),
(42,'图片','42.jpg'),
(43,'图片','43.jpg'),
(44,'图片','44.jpg'),
(45,'图片','45.jpg'),
(46,'图片','46.jpg'),
(47,'图片','47.jpg'),
(48,'图片','48.jpg'),
(49,'图片','49.jpg'),
(50,'图片','50.jpg'),
(51,'图片','51.jpg'),
(52,'图片','52.jpg'),
(53,'图片','53.jpg'),
(54,'图片','54.jpg'),
(55,'图片','55.jpg'),
(56,'图片','56.jpg'),
(57,'图片','57.jpg'),
(58,'图片','58.jpg'),
(59,'图片','59.jpg'),
(60,'图片','60.jpg'),
(61,'图片','61.jpg'),
(62,'图片','62.jpg'),
(63,'图片','63.jpg'),
(64,'图片','64.jpg'),
(65,'图片','65.jpg'),
(66,'图片','66.jpg'),
(67,'图片','67.jpg'),
(68,'图片','68.jpg'),
(69,'图片','69.jpg'),
(70,'图片','70.jpg'),
(71,'图片','71.jpg'),
(72,'图片','72.jpg'),
(73,'图片','73.jpg'),
(74,'图片','74.jpg'),
(75,'图片','75.jpg'),
(76,'图片','76.jpg'),
(77,'图片','77.jpg'),
(78,'图片','78.jpg'),
(79,'图片','79.jpg'),
(80,'图片','80.jpg'),
(81,'图片','81.jpg'),
(82,'图片','82.jpg'),
(83,'图片','83.jpg'),
(84,'图片','84.jpg'),
(85,'图片','85.jpg'),
(86,'图片','86.jpg'),
(87,'图片','87.jpg'),
(88,'图片','88.jpg'),
(89,'图片','89.jpg'),
(90,'图片','90.jpg'),
(91,'图片','91.jpg'),
(92,'图片','92.jpg'),
(93,'图片','93.jpg'),
(94,'图片','94.jpg'),
(95,'图片','95.jpg'),
(96,'图片','96.jpg'),
(97,'图片','97.jpg'),
(98,'图片','98.jpg'),
(99,'图片','99.jpg'),
(100,'图片','100.jpg'),
(101,'图片','101.jpg'),
(102,'图片','102.jpg'),
(103,'图片','103.jpg'),
(104,'图片','104.jpg'),
(105,'图片','105.jpg'),
(106,'图片','106.jpg'),
(107,'图片','107.jpg'),
(108,'图片','108.jpg'),
(109,'图片','109.jpg'),
(110,'图片','110.jpg'),
(111,'图片','111.jpg'),
(112,'图片','112.jpg'),
(113,'图片','113.jpg'),
(114,'图片','114.jpg'),
(115,'图片','115.jpg'),
(116,'图片','116.jpg'),
(117,'图片','117.jpg'),
(118,'图片','118.jpg'),
(119,'图片','119.jpg'),
(120,'图片','120.jpg'),
(121,'图片','121.jpg'),
(122,'图片','122.jpg'),
(123,'图片','123.jpg'),
(124,'图片','124.jpg'),
(125,'图片','125.jpg'),
(126,'图片','126.jpg'),
(127,'图片','127.jpg'),
(128,'图片','128.jpg'),
(129,'图片','129.jpg'),
(130,'图片','130.jpg'),
(131,'图片','131.jpg'),
(132,'图片','132.jpg'),
(133,'图片','133.jpg'),
(134,'图片','134.jpg'),
(135,'图片','135.jpg'),
(136,'图片','136.jpg'),
(137,'图片','137.jpg'),
(138,'图片','138.jpg'),
(139,'图片','139.jpg'),
(140,'图片','140.jpg'),
(141,'图片','141.jpg'),
(142,'图片','142.jpg'),
(143,'图片','143.jpg'),
(144,'图片','144.jpg'),
(145,'图片','145.jpg'),
(146,'图片','146.jpg'),
(147,'图片','147.jpg'),
(148,'图片','148.jpg'),
(149,'图片','149.jpg'),
(150,'图片','150.jpg'),
(151,'图片','151.jpg'),
(152,'图片','152.jpg'),
(153,'图片','153.jpg'),
(154,'图片','154.jpg'),
(155,'图片','155.jpg'),
(156,'图片','156.jpg'),
(157,'图片','157.jpg'),
(158,'图片','158.jpg'),
(159,'图片','159.jpg'),
(160,'图片','160.jpg'),
(161,'图片','161.jpg'),
(162,'图片','162.jpg'),
(163,'图片','163.jpg'),
(164,'图片','164.jpg'),
(165,'图片','165.jpg'),
(166,'图片','166.jpg'),
(167,'图片','167.jpg'),
(168,'图片','168.jpg'),
(169,'图片','169.jpg'),
(170,'图片','170.jpg'),
(171,'图片','171.jpg'),
(172,'图片','172.jpg'),
(173,'图片','173.jpg'),
(174,'图片','174.jpg'),
(175,'图片','175.jpg'),
(176,'图片','176.jpg'),
(177,'图片','177.jpg'),
(178,'图片','178.jpg'),
(179,'图片','179.jpg'),
(180,'图片','180.jpg'),
(181,'图片','181.jpg'),
(182,'图片','182.jpg'),
(183,'图片','183.jpg'),
(184,'图片','184.jpg'),
(185,'图片','185.jpg'),
(186,'图片','186.jpg'),
(187,'图片','187.jpg'),
(188,'图片','188.jpg'),
(189,'图片','189.jpg'),
(190,'图片','190.jpg'),
(191,'图片','191.jpg'),
(192,'图片','192.jpg'),
(193,'图片','193.jpg'),
(194,'图片','194.jpg'),
(195,'图片','195.jpg'),
(196,'图片','196.jpg'),
(197,'图片','197.jpg'),
(198,'图片','198.jpg'),
(199,'图片','199.jpg'),
(200,'图片','200.jpg'),
(201,'图片','201.jpg'),
(202,'图片','202.jpg'),
(203,'图片','203.jpg'),
(204,'图片','204.jpg'),
(205,'图片','205.jpg'),
(206,'图片','206.jpg'),
(207,'图片','207.jpg'),
(208,'图片','208.jpg'),
(209,'图片','209.jpg'),
(210,'图片','210.jpg'),
(211,'图片','211.jpg'),
(212,'图片','212.jpg'),
(213,'图片','213.jpg'),
(214,'图片','214.jpg'),
(215,'图片','215.jpg'),
(216,'图片','216.jpg'),
(217,'图片','217.jpg'),
(218,'图片','218.jpg'),
(219,'图片','219.jpg'),
(220,'图片','220.jpg'),
(221,'图片','221.jpg'),
(222,'图片','222.jpg'),
(223,'图片','223.jpg'),
(224,'图片','224.jpg'),
(225,'图片','225.jpg'),
(226,'图片','226.jpg'),
(227,'图片','227.jpg'),
(228,'图片','228.jpg'),
(229,'图片','229.jpg'),
(230,'图片','230.jpg'),
(231,'图片','231.jpg'),
(232,'图片','232.jpg'),
(233,'图片','233.jpg'),
(234,'图片','234.jpg'),
(235,'图片','235.jpg'),
(236,'图片','236.jpg'),
(237,'图片','237.jpg'),
(238,'图片','238.jpg'),
(239,'图片','239.jpg'),
(240,'图片','240.jpg'),
(241,'图片','241.jpg'),
(242,'图片','242.jpg'),
(243,'图片','243.jpg'),
(244,'图片','244.jpg'),
(245,'图片','245.jpg'),
(246,'图片','246.jpg'),
(247,'图片','247.jpg'),
(248,'图片','248.jpg'),
(249,'图片','249.jpg'),
(250,'图片','250.jpg'),
(251,'图片','251.jpg'),
(252,'图片','252.jpg'),
(253,'图片','253.jpg'),
(254,'图片','254.jpg'),
(255,'图片','255.jpg'),
(256,'图片','256.jpg'),
(257,'图片','257.jpg'),
(258,'图片','258.jpg'),
(259,'图片','259.jpg'),
(260,'图片','260.jpg'),
(261,'图片','261.jpg'),
(262,'图片','262.jpg'),
(263,'图片','263.jpg'),
(264,'图片','264.jpg'),
(265,'图片','265.jpg'),
(266,'图片','266.jpg'),
(267,'图片','267.jpg'),
(268,'图片','268.jpg'),
(269,'图片','269.jpg'),
(270,'图片','270.jpg'),
(271,'图片','271.jpg'),
(272,'图片','272.jpg'),
(273,'图片','273.jpg'),
(274,'图片','274.jpg'),
(275,'图片','275.jpg'),
(276,'图片','276.jpg'),
(277,'图片','277.jpg'),
(278,'图片','278.jpg'),
(279,'图片','279.jpg'),
(280,'图片','280.jpg'),
(281,'图片','281.jpg'),
(282,'图片','282.jpg'),
(283,'图片','283.jpg'),
(284,'图片','284.jpg'),
(285,'图片','285.jpg'),
(286,'图片','286.jpg'),
(287,'图片','287.jpg'),
(288,'图片','288.jpg'),
(289,'图片','289.jpg'),
(290,'图片','290.jpg'),
(291,'图片','291.jpg'),
(292,'图片','292.jpg'),
(293,'图片','293.jpg'),
(294,'图片','294.jpg'),
(295,'图片','295.jpg'),
(296,'图片','296.jpg'),
(297,'图片','297.jpg'),
(298,'图片','298.jpg'),
(299,'图片','299.jpg'),
(300,'图片','300.jpg'),
(301,'图片','301.jpg'),
(302,'图片','302.jpg'),
(303,'图片','303.jpg'),
(304,'图片','304.jpg'),
(305,'图片','305.jpg'),
(306,'图片','306.jpg'),
(307,'图片','307.jpg'),
(308,'图片','308.jpg'),
(309,'图片','309.jpg'),
(310,'图片','310.jpg'),
(311,'图片','311.jpg'),
(312,'图片','312.jpg'),
(313,'图片','313.jpg'),
(314,'图片','314.jpg'),
(315,'图片','315.jpg'),
(316,'图片','316.jpg'),
(317,'图片','317.jpg'),
(318,'图片','318.jpg'),
(319,'图片','319.jpg'),
(320,'图片','320.jpg'),
(321,'图片','321.jpg'),
(322,'图片','322.jpg'),
(323,'图片','323.jpg'),
(324,'图片','324.jpg'),
(325,'图片','325.jpg'),
(326,'图片','326.jpg'),
(327,'图片','327.jpg'),
(328,'图片','328.jpg'),
(329,'图片','329.jpg'),
(330,'图片','330.jpg'),
(331,'图片','331.jpg'),
(332,'图片','332.jpg'),
(333,'图片','333.jpg'),
(334,'图片','334.jpg'),
(335,'图片','335.jpg'),
(336,'图片','336.jpg'),
(337,'图片','337.jpg'),
(338,'图片','338.jpg'),
(339,'图片','339.jpg'),
(340,'图片','340.jpg'),
(341,'图片','341.jpg'),
(342,'图片','342.jpg'),
(343,'图片','343.jpg'),
(344,'图片','344.jpg'),
(345,'图片','345.jpg'),
(346,'图片','346.jpg'),
(347,'图片','347.jpg'),
(348,'图片','348.jpg'),
(349,'图片','349.jpg'),
(350,'图片','350.jpg'),
(351,'图片','351.jpg'),
(352,'图片','352.jpg'),
(353,'图片','353.jpg'),
(354,'图片','354.jpg'),
(355,'图片','355.jpg'),
(356,'图片','356.jpg'),
(357,'图片','357.jpg'),
(358,'图片','358.jpg'),
(359,'图片','359.jpg'),
(360,'图片','360.jpg'),
(361,'图片','361.jpg'),
(362,'图片','362.jpg'),
(363,'图片','363.jpg'),
(364,'图片','364.jpg'),
(365,'图片','365.jpg'),
(366,'图片','366.jpg'),
(367,'图片','367.jpg'),
(368,'图片','368.jpg'),
(369,'图片','369.jpg'),
(370,'图片','370.jpg'),
(371,'图片','371.jpg'),
(372,'图片','372.jpg'),
(373,'图片','373.jpg'),
(374,'图片','374.jpg'),
(375,'图片','375.jpg'),
(376,'图片','376.jpg'),
(377,'图片','377.jpg'),
(378,'图片','378.jpg'),
(379,'图片','379.jpg'),
(380,'图片','380.jpg'),
(381,'图片','381.jpg'),
(382,'图片','382.jpg'),
(383,'图片','383.jpg'),
(384,'图片','384.jpg'),
(385,'图片','385.jpg'),
(386,'图片','386.jpg'),
(387,'图片','387.jpg'),
(388,'图片','388.jpg'),
(389,'图片','389.jpg'),
(390,'图片','390.jpg'),
(391,'图片','391.jpg'),
(392,'图片','392.jpg'),
(393,'图片','393.jpg'),
(394,'图片','394.jpg'),
(395,'图片','395.jpg'),
(396,'图片','396.jpg'),
(397,'图片','397.jpg'),
(398,'图片','398.jpg'),
(399,'图片','399.jpg'),
(400,'图片','400.jpg'),
(401,'图片','401.jpg'),
(402,'图片','402.jpg'),
(403,'图片','403.jpg'),
(404,'图片','404.jpg'),
(405,'图片','405.jpg'),
(406,'图片','406.jpg'),
(407,'图片','407.jpg'),
(408,'图片','408.jpg'),
(409,'图片','409.jpg'),
(410,'图片','410.jpg'),
(411,'图片','411.jpg'),
(412,'图片','412.jpg'),
(413,'图片','413.jpg'),
(414,'图片','414.jpg'),
(415,'图片','415.jpg'),
(416,'图片','416.jpg'),
(417,'图片','417.jpg'),
(418,'图片','418.jpg'),
(419,'图片','419.jpg'),
(420,'图片','420.jpg'),
(421,'图片','421.jpg'),
(422,'图片','422.jpg'),
(423,'图片','423.jpg'),
(424,'图片','424.jpg'),
(425,'图片','425.jpg'),
(426,'图片','426.jpg'),
(427,'图片','427.jpg'),
(428,'图片','428.jpg'),
(429,'图片','429.jpg'),
(430,'图片','430.jpg'),
(431,'图片','431.jpg'),
(432,'图片','432.jpg'),
(433,'图片','433.jpg'),
(434,'图片','434.jpg'),
(435,'图片','435.jpg'),
(436,'图片','436.jpg'),
(437,'图片','437.jpg'),
(438,'图片','438.jpg'),
(439,'图片','439.jpg'),
(440,'图片','440.jpg'),
(441,'图片','441.jpg'),
(442,'图片','442.jpg'),
(443,'图片','443.jpg'),
(444,'图片','444.jpg'),
(445,'图片','445.jpg'),
(446,'图片','446.jpg'),
(447,'图片','447.jpg'),
(448,'图片','448.jpg'),
(449,'图片','449.jpg'),
(450,'图片','450.jpg'),
(451,'图片','451.jpg'),
(452,'图片','452.jpg'),
(453,'图片','453.jpg'),
(454,'图片','454.jpg'),
(455,'图片','455.jpg'),
(456,'图片','456.jpg'),
(457,'图片','457.jpg'),
(458,'图片','458.jpg'),
(459,'图片','459.jpg'),
(460,'图片','460.jpg'),
(461,'图片','461.jpg'),
(462,'图片','462.jpg'),
(463,'图片','463.jpg'),
(464,'图片','464.jpg'),
(465,'图片','465.jpg'),
(466,'图片','466.jpg'),
(467,'图片','467.jpg'),
(468,'图片','468.jpg'),
(469,'图片','469.jpg'),
(470,'图片','470.jpg'),
(471,'图片','471.jpg'),
(472,'图片','472.jpg'),
(473,'图片','473.jpg'),
(474,'图片','474.jpg'),
(475,'图片','475.jpg'),
(476,'图片','476.jpg'),
(477,'图片','477.jpg'),
(478,'图片','478.jpg'),
(479,'图片','479.jpg'),
(480,'图片','480.jpg'),
(481,'图片','481.jpg'),
(482,'图片','482.jpg'),
(483,'图片','483.jpg'),
(484,'图片','484.jpg'),
(485,'图片','485.jpg'),
(486,'图片','486.jpg'),
(487,'图片','487.jpg'),
(488,'图片','488.jpg'),
(489,'图片','489.jpg'),
(490,'图片','490.jpg'),
(491,'图片','491.jpg'),
(492,'图片','492.jpg'),
(493,'图片','493.jpg'),
(494,'图片','494.jpg'),
(495,'图片','495.jpg'),
(496,'图片','496.jpg'),
(497,'图片','497.jpg'),
(498,'图片','498.jpg'),
(499,'图片','499.jpg'),
(500,'图片','500.jpg'),
(501,'图片','501.jpg'),
(502,'图片','502.jpg'),
(503,'图片','503.jpg'),
(504,'图片','504.jpg'),
(505,'图片','505.jpg'),
(506,'图片','506.jpg'),
(507,'图片','507.jpg'),
(508,'图片','508.jpg'),
(509,'图片','509.jpg'),
(510,'图片','510.jpg'),
(511,'图片','511.jpg'),
(512,'图片','512.jpg'),
(513,'图片','513.jpg'),
(514,'图片','514.jpg'),
(515,'图片','515.jpg'),
(516,'图片','516.jpg'),
(517,'图片','517.jpg'),
(518,'图片','518.jpg'),
(519,'图片','519.jpg'),
(520,'图片','520.jpg'),
(521,'图片','521.jpg'),
(522,'图片','522.jpg'),
(523,'图片','523.jpg'),
(524,'图片','524.jpg'),
(525,'图片','525.jpg'),
(526,'图片','526.jpg');

/*Table structure for table `img_ids` */

DROP TABLE IF EXISTS `img_ids`;

CREATE TABLE `img_ids` (
  `id` int(11) NOT NULL AUTO_INCREMENT,
  `img_id` varchar(255) NOT NULL,
  PRIMARY KEY (`id`)
) ENGINE=InnoDB AUTO_INCREMENT=614 DEFAULT CHARSET=utf8;

/*Data for the table `img_ids` */

insert  into `img_ids`(`id`,`img_id`) values 
(248,'183692'),
(249,'188571'),
(250,'183747'),
(251,'186439'),
(252,'183699'),
(253,'181665'),
(254,'184809'),
(255,'197911'),
(256,'184947'),
(257,'195060'),
(258,'180349'),
(259,'189048'),
(260,'188495'),
(261,'197584'),
(262,'197554'),
(263,'185309'),
(264,'181077'),
(265,'197569'),
(266,'183676'),
(267,'196048'),
(268,'183708'),
(269,'183664'),
(270,'197573'),
(271,'198222'),
(272,'198264'),
(273,'115167'),
(274,'198188'),
(275,'197924'),
(276,'180336'),
(277,'197942'),
(278,'178642'),
(279,'177926'),
(280,'183692'),
(281,'169706'),
(282,'188571'),
(283,'180426'),
(284,'174597'),
(285,'181398'),
(286,'168207'),
(287,'177924'),
(288,'175585'),
(289,'170695'),
(290,'170199'),
(291,'186439'),
(292,'184809'),
(293,'168425'),
(294,'169209'),
(295,'172388'),
(296,'169111'),
(297,'169462'),
(298,'189048'),
(299,'188495'),
(300,'172551'),
(301,'172720'),
(302,'180429'),
(303,'176535'),
(304,'183676'),
(305,'174073'),
(306,'172171'),
(307,'174057'),
(308,'174591'),
(309,'174080'),
(310,'171156'),
(311,'183664'),
(312,'158500'),
(313,'115167'),
(314,'198188'),
(315,'197924'),
(316,'176116'),
(317,'168962'),
(318,'180336'),
(319,'180348'),
(320,'183692'),
(321,'188571'),
(322,'28887'),
(323,'26047'),
(324,'186439'),
(325,'167470'),
(326,'167960'),
(327,'184809'),
(328,'139763'),
(329,'158495'),
(330,'148801'),
(331,'189048'),
(332,'166726'),
(333,'148305'),
(334,'188495'),
(335,'165958'),
(336,'79297'),
(337,'139021'),
(338,'134190'),
(339,'158626'),
(340,'183676'),
(341,'26043'),
(342,'166477'),
(343,'139519'),
(344,'159655'),
(345,'167222'),
(346,'158876'),
(347,'134438'),
(348,'20120722191323'),
(349,'28896'),
(350,'28886'),
(351,'165209'),
(352,'183664'),
(353,'124330'),
(354,'115167'),
(355,'160150'),
(356,'198188'),
(357,'197924'),
(358,'180336'),
(359,'166975'),
(360,'28895'),
(361,'79038'),
(362,'183692'),
(363,'134904'),
(364,'188571'),
(365,'66598'),
(366,'186439'),
(367,'184809'),
(368,'26035'),
(369,'26049'),
(370,'115703'),
(371,'126149'),
(372,'26051'),
(373,'189048'),
(374,'188495'),
(375,'116442'),
(376,'26050'),
(377,'128401'),
(378,'26040'),
(379,'118262'),
(380,'26048'),
(381,'26041'),
(382,'116691'),
(383,'119287'),
(384,'183676'),
(385,'26042'),
(386,'26046'),
(387,'119294'),
(388,'26036'),
(389,'136820'),
(390,'26045'),
(391,'116446'),
(392,'110187'),
(393,'183664'),
(394,'66603'),
(395,'26044'),
(396,'129607'),
(397,'115167'),
(398,'198188'),
(399,'197924'),
(400,'180336'),
(401,'115659'),
(402,'26034'),
(403,'130854'),
(404,'20160620192450'),
(405,'25401'),
(406,'183692'),
(407,'25402'),
(408,'188571'),
(409,'20160719190345'),
(410,'14628'),
(411,'14626'),
(412,'186439'),
(413,'184809'),
(414,'20160520195233'),
(415,'189048'),
(416,'20160622185229'),
(417,'20160508164647'),
(418,'188495'),
(419,'20160504185246'),
(420,'16108'),
(421,'14629'),
(422,'20160515204757'),
(423,'20160516185540'),
(424,'20160511192302'),
(425,'25400'),
(426,'20160711190951'),
(427,'16144'),
(428,'183676'),
(429,'16109'),
(430,'20160512194805'),
(431,'183664'),
(432,'20160520194235'),
(433,'20160530193856'),
(434,'20160513191236'),
(435,'20160608195005'),
(436,'198188'),
(437,'20160722190410'),
(438,'197924'),
(439,'20160710182332'),
(440,'20160629185450'),
(441,'115167'),
(442,'180336'),
(443,'20160612192155'),
(444,'20160602191406'),
(445,'14627'),
(446,'20160421190254'),
(447,'20160315214338'),
(448,'20160328184854'),
(449,'20160311185729'),
(450,'20160121190020'),
(451,'183692'),
(452,'188571'),
(453,'20160426200628'),
(454,'20160118184241'),
(455,'186439'),
(456,'20160226185304'),
(457,'20160105193451'),
(458,'20160102160054'),
(459,'184809'),
(460,'20160212180657'),
(461,'20160323110105'),
(462,'20160110181707'),
(463,'189048'),
(464,'20160304191130'),
(465,'20160213173651'),
(466,'188495'),
(467,'20160411184631'),
(468,'20160218184443'),
(469,'20160221143010'),
(470,'20160125191516'),
(471,'20160112191511'),
(472,'20160401195701'),
(473,'183676'),
(474,'20160128192649'),
(475,'20160307195102'),
(476,'20160203193514'),
(477,'20160503004229'),
(478,'20160405185812'),
(479,'20160208165500'),
(480,'183664'),
(481,'20160115190135'),
(482,'115167'),
(483,'20160415185711'),
(484,'198188'),
(485,'197924'),
(486,'180336'),
(487,'20160229184212'),
(488,'20151231185756'),
(489,'183692'),
(490,'20151020192248'),
(491,'188571'),
(492,'20151022190126'),
(493,'20150918194558'),
(494,'20151116185201'),
(495,'186439'),
(496,'184809'),
(497,'20151207192431'),
(498,'20151103192721'),
(499,'20150914194714'),
(500,'20151027190208'),
(501,'20151029191605'),
(502,'189048'),
(503,'20151230185502'),
(504,'188495'),
(505,'20151123185744'),
(506,'20151127193239'),
(507,'20151009185016'),
(508,'20151012184334'),
(509,'20151111185410'),
(510,'20150930192734'),
(511,'20150928184330'),
(512,'20151231190211'),
(513,'183676'),
(514,'20150921200204'),
(515,'20151209200114'),
(516,'20151006180221'),
(517,'20151003133422'),
(518,'20151214184953'),
(519,'20151107185416'),
(520,'183664'),
(521,'20151201191659'),
(522,'115167'),
(523,'20150910190254'),
(524,'198188'),
(525,'197924'),
(526,'20151124214810'),
(527,'20150924165836'),
(528,'180336'),
(529,'20151015184343'),
(530,'20150817191927'),
(531,'20150611194849'),
(532,'183692'),
(533,'188571'),
(534,'20150710185204'),
(535,'20150826193857'),
(536,'186439'),
(537,'184809'),
(538,'20150722185214'),
(539,'20150803193252'),
(540,'20150728195150'),
(541,'20150824184456'),
(542,'20150713185827'),
(543,'20150619194954'),
(544,'189048'),
(545,'20150905045809'),
(546,'188495'),
(547,'20150718185023'),
(548,'20150613190333'),
(549,'20150724185756'),
(550,'20150907184322'),
(551,'183676'),
(552,'20150806205511'),
(553,'20150701185550'),
(554,'20150607184807'),
(555,'20150704190655'),
(556,'20150901191301'),
(557,'20150814193529'),
(558,'20150731185913'),
(559,'183664'),
(560,'20150623185556'),
(561,'20150625191047'),
(562,'20150617191520'),
(563,'198188'),
(564,'197924'),
(565,'115167'),
(566,'20150811194830'),
(567,'20150708185119'),
(568,'180336'),
(569,'20150627185102'),
(570,'20150829200818'),
(571,'20150716194031'),
(572,'183692'),
(573,'20150604185337'),
(574,'188571'),
(575,'20150528192051'),
(576,'186439'),
(577,'20150419211951'),
(578,'184809'),
(579,'20150503184612'),
(580,'20150322165646'),
(581,'20150525190959'),
(582,'20150511190730'),
(583,'20150513191440'),
(584,'20150601210143'),
(585,'20150521184845'),
(586,'20150330202950'),
(587,'20150507192437'),
(588,'189048'),
(589,'188495'),
(590,'20150416194109'),
(591,'20150405181838'),
(592,'20150324192031'),
(593,'20150307194259'),
(594,'183676'),
(595,'20150328193056'),
(596,'20150427185149'),
(597,'20150515203136'),
(598,'20150409194930'),
(599,'20150402191532'),
(600,'20150312190427'),
(601,'20150412152735'),
(602,'183664'),
(603,'20150422194247'),
(604,'20150303191606'),
(605,'20150316190630'),
(606,'115167'),
(607,'20150309191028'),
(608,'198188'),
(609,'197924'),
(610,'20150429191805'),
(611,'180336'),
(612,'20150518191601'),
(613,'20150318190104');

/*Table structure for table `movie` */

DROP TABLE IF EXISTS `movie`;

CREATE TABLE `movie` (
  `id` int(11) NOT NULL AUTO_INCREMENT,
  `title` varchar(255) DEFAULT NULL,
  `url` varchar(255) DEFAULT NULL,
  `info` text,
  `logo` varchar(255) DEFAULT NULL,
  `star` smallint(6) DEFAULT NULL,
  `playNum` bigint(20) DEFAULT NULL,
  `commentNum` bigint(20) DEFAULT NULL,
  `tag_id` int(11) DEFAULT NULL,
  `area` varchar(255) DEFAULT NULL,
  `release_time` date DEFAULT NULL,
  `length` varchar(100) DEFAULT NULL,
  `addTime` datetime DEFAULT NULL,
  PRIMARY KEY (`id`),
  UNIQUE KEY `title` (`title`),
  UNIQUE KEY `url` (`url`),
  UNIQUE KEY `logo` (`logo`),
  KEY `tag_id` (`tag_id`),
  KEY `ix_movie_addTime` (`addTime`),
  CONSTRAINT `movie_ibfk_1` FOREIGN KEY (`tag_id`) REFERENCES `tag` (`id`)
) ENGINE=InnoDB AUTO_INCREMENT=7 DEFAULT CHARSET=utf8;

/*Data for the table `movie` */

insert  into `movie`(`id`,`title`,`url`,`info`,`logo`,`star`,`playNum`,`commentNum`,`tag_id`,`area`,`release_time`,`length`,`addTime`) values 
(1,'魔童降世','2019081718334804465e9cb04546a88c9dca06955833af.mp4','魔童降世','20190817183348320dbfdcb3114bedae5f42d6ae5f4fb3.jpg',5,32,3,1,'中国','2019-07-29','2','2019-08-17 18:33:48'),
(2,'哪吒之魔童降世','201908171840347a48bd94a8d94713a29424ac2c556c05.mp4','哪吒之魔童降世','2019081718403466c56badd5534e0ea48478d15dde0104.jpg',4,16,1,5,'中国','2019-08-01','3','2019-08-17 18:40:34'),
(3,'速度与激情：特别行动','20190820095826cbf4f687d5994bcf84e5376368f85454.mp4','       速度与激情特别行动剧情以道恩·强森饰演的外交安全局特工卢克斯·霍伯斯、以及杰森·斯坦森饰演了雇佣兵杀手德卡特·肖为主角，不再关注飞车家族。\r\n       一个是美国外交安全局的忠诚特工、身材魁梧的执法者霍布斯，一个是前英国军事特工精英、无法无天的恶棍肖。在2015年的《速度与激情7》中首次对峙之后，两人不论言语还是肢体都冲突不断，一直试图打倒对方。然而，通过高科技进行了基因增强的无政府主义者布里克斯顿控制了一种可能永远改变人类命运的不为人知的生化武器，并且还打败了一位大胆优秀又特立独行的军情六处特工——她恰好是肖的妹妹，为了扳倒这个世界上唯一可能比他们更厉害的敌人，这两个不共戴天的宿敌不得不联手。','20190820095826aa3114c6dd3542578ce4f2806fc11dc7.jpg',4,21,8,5,'美国','2019-08-15','3','2019-08-20 09:58:26'),
(4,'西虹市首富','20190820100301c2dcc3e8874f45d987858898b9f0d930.mp4','     在特烦恼之城的西虹市，混迹于丙级业余足球队的守门员王多鱼（沈腾饰），因比赛失利被开除离队。正处于人生最低谷的他接受了神秘台湾财团一个月花光十亿资金的挑战。本以为快乐生活就此开始，王多鱼却第一次感到“花钱特烦恼”。想要人生反转走上巅峰，真的没有那么简单 。','20190820100301092301f310f84bd3a88f0144d3397d78.jpg',5,3,0,9,'中国','2019-07-21','3','2019-08-20 10:03:01'),
(5,'肖申克的救赎','201908201010140967c4dfbe784c22a1f7dd58c2c70ca8.mp4','	小说的背景是20个世纪30年代，那时，“美国的政治腐败已经迟到了商人面前”，甚至波及到了监狱。\r\n	故事中，年轻的银行家安迪因为妻子和她的情人被杀而被判无期徒刑，由于监狱的腐败，他在真相即将大白的情况下仍然得不到昭雪，\r\n反而在肖申克监狱饱受了各种精神上和肉体上的摧残。然而，安迪并没有被多舛的命运毁掉，他经过20多年水滴石穿般地不懈挖掘，\r\n终于在一个雷雨交加的夜晚，从500码长的污粪管道中爬出，重获自由，在墨西哥海边过上了自由人的生活','201908201010146d41c7a1720a4d8ca5af3f8a00d01522.jpg',5,37,17,7,'美国','2009-01-06','3','2019-08-20 10:10:14'),
(6,'魔童降世正片','20190828182648ac3d7fb97bd3471489c03b098090975e.mp4','高清国语','20190828182648ccf2844a277442d89158c996714432a6.jpg',5,11,1,6,'中国','2019-08-01','120','2019-08-28 18:26:51');

/*Table structure for table `moviecol` */

DROP TABLE IF EXISTS `moviecol`;

CREATE TABLE `moviecol` (
  `id` int(11) NOT NULL AUTO_INCREMENT,
  `movie_id` int(11) DEFAULT NULL,
  `user_id` int(11) DEFAULT NULL,
  `addTime` datetime DEFAULT NULL,
  PRIMARY KEY (`id`),
  KEY `movie_id` (`movie_id`),
  KEY `user_id` (`user_id`),
  KEY `ix_moviecol_addTime` (`addTime`),
  CONSTRAINT `moviecol_ibfk_1` FOREIGN KEY (`movie_id`) REFERENCES `movie` (`id`),
  CONSTRAINT `moviecol_ibfk_2` FOREIGN KEY (`user_id`) REFERENCES `user` (`id`)
) ENGINE=InnoDB AUTO_INCREMENT=16 DEFAULT CHARSET=utf8;

/*Data for the table `moviecol` */

insert  into `moviecol`(`id`,`movie_id`,`user_id`,`addTime`) values 
(1,1,1,'2019-08-18 12:15:21'),
(2,1,2,'2019-08-18 12:15:33'),
(3,1,6,'2019-08-18 12:15:44'),
(4,2,1,'2019-08-18 12:15:54'),
(5,1,7,'2019-08-18 12:16:03'),
(6,2,3,'2019-08-18 12:16:13'),
(7,2,5,'2019-08-29 12:16:25'),
(8,2,6,'2019-08-18 12:16:36'),
(9,2,7,'2019-08-29 12:16:55'),
(10,2,8,'2019-08-18 12:17:07'),
(11,2,9,'2019-08-18 12:17:16'),
(12,1,13,'2019-08-20 01:22:37'),
(13,2,13,'2019-08-20 01:47:10'),
(14,3,13,'2019-08-20 10:14:51'),
(15,6,13,'2019-08-28 20:52:49');

/*Table structure for table `op_log` */

DROP TABLE IF EXISTS `op_log`;

CREATE TABLE `op_log` (
  `id` int(11) NOT NULL AUTO_INCREMENT,
  `admin_id` int(11) DEFAULT NULL,
  `ip` varchar(100) DEFAULT NULL,
  `reason` varchar(600) DEFAULT NULL,
  `addTime` datetime DEFAULT NULL,
  PRIMARY KEY (`id`),
  KEY `admin_id` (`admin_id`),
  KEY `ix_op_log_addTime` (`addTime`),
  CONSTRAINT `op_log_ibfk_1` FOREIGN KEY (`admin_id`) REFERENCES `admin` (`id`)
) ENGINE=InnoDB AUTO_INCREMENT=10 DEFAULT CHARSET=utf8;

/*Data for the table `op_log` */

insert  into `op_log`(`id`,`admin_id`,`ip`,`reason`,`addTime`) values 
(1,1,'127.0.0.1','添加标签动漫','2019-08-18 14:19:03'),
(2,1,'127.0.0.1','添加标签剧情','2019-08-18 14:19:13'),
(3,1,'127.0.0.1','添加标签:恐怖','2019-08-18 14:20:10'),
(4,1,'127.0.0.1','添加标签:喜剧','2019-08-18 14:20:20'),
(5,1,'127.0.0.1','添加权限:添加标签','2019-08-18 15:49:10'),
(6,1,'127.0.0.1','添加权限:编辑标签','2019-08-18 15:51:18'),
(7,1,'127.0.0.1','添加权限:添加电影','2019-08-18 15:52:24'),
(8,1,'127.0.0.1','添加权限:sdfs','2019-08-18 16:03:25'),
(9,1,'127.0.0.1','添加权限:qweq','2019-08-18 16:12:12');

/*Table structure for table `preview` */

DROP TABLE IF EXISTS `preview`;

CREATE TABLE `preview` (
  `id` int(11) NOT NULL AUTO_INCREMENT,
  `title` varchar(255) DEFAULT NULL,
  `logo` varchar(255) DEFAULT NULL,
  `addTime` datetime DEFAULT NULL,
  PRIMARY KEY (`id`),
  UNIQUE KEY `title` (`title`),
  UNIQUE KEY `logo` (`logo`),
  KEY `ix_preview_addTime` (`addTime`)
) ENGINE=InnoDB AUTO_INCREMENT=5 DEFAULT CHARSET=utf8;

/*Data for the table `preview` */

insert  into `preview`(`id`,`title`,`logo`,`addTime`) values 
(1,'白蛇·缘起','20190817231048aeb49a8844c74c4f8ee6d91d7617d637.jpg','2019-08-17 23:10:48'),
(2,'大圣归来','201908172331425c5dfe7be41e47fdb75faa841687143b.jpg','2019-08-17 23:31:42'),
(3,'机器人总动员','2019081723350234e7215091334d25a42dac065c237bfc.jpg','2019-08-17 23:35:02'),
(4,'疯狂动物城','201908191635281b3d0de08328453baf43e7adbf346610.jpg','2019-08-19 16:35:28');

/*Table structure for table `role` */

DROP TABLE IF EXISTS `role`;

CREATE TABLE `role` (
  `id` int(11) NOT NULL AUTO_INCREMENT,
  `name` varchar(100) DEFAULT NULL,
  `auths` varchar(600) DEFAULT NULL,
  `addTime` datetime DEFAULT NULL,
  PRIMARY KEY (`id`),
  UNIQUE KEY `name` (`name`),
  KEY `ix_role_addTime` (`addTime`)
) ENGINE=InnoDB AUTO_INCREMENT=3 DEFAULT CHARSET=utf8;

/*Data for the table `role` */

insert  into `role`(`id`,`name`,`auths`,`addTime`) values 
(1,'超级管理员','','2019-08-15 08:27:23'),
(2,'标签管理员','1,2','2019-08-18 17:02:58');

/*Table structure for table `tag` */

DROP TABLE IF EXISTS `tag`;

CREATE TABLE `tag` (
  `id` int(11) NOT NULL AUTO_INCREMENT,
  `name` varchar(100) DEFAULT NULL,
  `addTime` datetime DEFAULT NULL,
  PRIMARY KEY (`id`),
  UNIQUE KEY `name` (`name`),
  KEY `ix_tag_addTime` (`addTime`)
) ENGINE=InnoDB AUTO_INCREMENT=10 DEFAULT CHARSET=utf8;

/*Data for the table `tag` */

insert  into `tag`(`id`,`name`,`addTime`) values 
(1,'科幻','2019-08-17 14:59:21'),
(2,'爱情','2019-08-17 15:03:56'),
(5,'动作','2019-08-17 16:17:35'),
(6,'动漫','2019-08-18 14:19:03'),
(7,'剧情','2019-08-18 14:19:13'),
(9,'喜剧','2019-08-18 14:20:20');

/*Table structure for table `user` */

DROP TABLE IF EXISTS `user`;

CREATE TABLE `user` (
  `id` int(11) NOT NULL AUTO_INCREMENT,
  `name` varchar(100) DEFAULT NULL,
  `pwd` varchar(100) DEFAULT NULL,
  `email` varchar(100) DEFAULT NULL,
  `phone` varchar(11) DEFAULT NULL,
  `info` text,
  `face` varchar(255) DEFAULT NULL,
  `addTime` datetime DEFAULT NULL,
  `uuid` varchar(255) DEFAULT NULL,
  PRIMARY KEY (`id`),
  UNIQUE KEY `name` (`name`),
  UNIQUE KEY `email` (`email`),
  UNIQUE KEY `phone` (`phone`),
  UNIQUE KEY `uuid` (`uuid`),
  KEY `ix_user_addTime` (`addTime`)
) ENGINE=InnoDB AUTO_INCREMENT=14 DEFAULT CHARSET=utf8;

/*Data for the table `user` */

insert  into `user`(`id`,`name`,`pwd`,`email`,`phone`,`info`,`face`,`addTime`,`uuid`) values 
(1,'李可','123456','123@123.com','1529076xxxx','测试','1.jpg','2019-08-18 11:12:23','`'),
(2,'李可2','123456','123@1232.com','1529076xxx2','测试','2.jpg','2019-08-18 11:12:23','2'),
(3,'李可3','123456','123@1233.com','1529076xxx3','测试','3.jpg','2019-08-18 11:12:23','3'),
(5,'李可5','123456','123@1235.com','1529076xxx5','测试','5.jpg','2019-08-18 11:12:23','5'),
(6,'李可6','123456','123@1236.com','1529076xxx6','测试','6.jpg','2019-08-18 11:12:23','6'),
(7,'李可7','123456','123@1237.com','1529076xxx7','测试','7.jpg','2019-08-18 11:12:23','7'),
(8,'李可8','123456','123@1238.com','1529076xxx8','测试','8.jpg','2019-08-18 11:12:23','8'),
(9,'李可9','123456','123@1239.com','1529076xxx9','测试','9.jpg','2019-08-18 11:12:23','9'),
(10,'李可10','123456','123@12310.com','1529076xx10','测试','10.jpg','2019-08-18 11:12:23','10'),
(11,'12','pbkdf2:sha256:150000$eLlnUsXB$13a5c207d5ae69331b73216fb3261f2636ba9307d566ef03550c61a920a176d3','948504381@qq.com','15290768138','测试','20190819151553d266f44c17214646b2fad2baf4fc6e12.jpg','2019-08-19 11:30:25','664a184e2f0440c6b8dea58e9c9473c0'),
(12,'user','pbkdf2:sha256:150000$O9NQVKSx$5a813e40bb4bbb050889e037beffbde8ae5778b33ccdb4943ce46b67a17e67ae','972@qq.com','15234567888','fsdfs','201908191559409d54bcaf88c849fab60aaef169966f7c.jpg','2019-08-19 15:48:57','f810c1e2a20e44df8014ba9589b426b3'),
(13,'tom','pbkdf2:sha256:150000$vpURjFlx$ce83ae5e88eed8ef7d5d8d9e3d330499ea5d3d1891d481be59e4b99e1f52a4c3','tom@qq.com','15212341234','tom','20190819161910154c320c1c064ab687a222304a900166.jpg','2019-08-19 16:18:27','cb04fceb5b3e478d99b8bb56d68082cb');

/*Table structure for table `user_log` */

DROP TABLE IF EXISTS `user_log`;

CREATE TABLE `user_log` (
  `id` int(11) NOT NULL AUTO_INCREMENT,
  `user_id` int(11) DEFAULT NULL,
  `ip` varchar(100) DEFAULT NULL,
  `addTime` datetime DEFAULT NULL,
  PRIMARY KEY (`id`),
  KEY `user_id` (`user_id`),
  KEY `ix_user_log_addTime` (`addTime`),
  CONSTRAINT `user_log_ibfk_1` FOREIGN KEY (`user_id`) REFERENCES `user` (`id`)
) ENGINE=InnoDB AUTO_INCREMENT=31 DEFAULT CHARSET=utf8;

/*Data for the table `user_log` */

insert  into `user_log`(`id`,`user_id`,`ip`,`addTime`) values 
(1,1,'127.0.0.1','2019-08-17 14:45:55'),
(2,2,'127.0.0.1','2019-08-20 14:46:09'),
(3,3,'127.0.0.1','2019-08-15 14:46:23'),
(4,5,'127.0.0.1','2019-08-31 14:46:33'),
(5,6,'127.0.0.1','2019-08-12 14:46:42'),
(6,7,'127.0.0.1','2019-08-14 14:46:53'),
(7,1,'127.0.0.1','2019-09-05 14:47:04'),
(8,5,'127.0.0.1','2019-07-31 14:47:16'),
(9,11,'127.0.0.1','2019-08-19 11:49:23'),
(10,11,'127.0.0.1','2019-08-19 11:51:07'),
(11,11,'127.0.0.1','2019-08-19 13:24:16'),
(12,12,'127.0.0.1','2019-08-19 15:49:11'),
(13,12,'127.0.0.1','2019-08-19 15:49:27'),
(14,12,'127.0.0.1','2019-08-19 15:53:51'),
(15,12,'127.0.0.1','2019-08-19 15:54:14'),
(16,12,'127.0.0.1','2019-08-19 15:55:37'),
(17,12,'127.0.0.1','2019-08-19 15:59:16'),
(18,12,'127.0.0.1','2019-08-19 16:00:19'),
(19,12,'127.0.0.1','2019-08-19 16:11:56'),
(20,13,'127.0.0.1','2019-08-19 16:18:38'),
(21,13,'127.0.0.1','2019-08-19 22:19:53'),
(22,13,'127.0.0.1','2019-08-20 00:00:19'),
(23,13,'127.0.0.1','2019-08-20 10:13:11'),
(24,13,'127.0.0.1','2019-08-20 12:58:39'),
(25,13,'127.0.0.1','2019-08-20 16:28:42'),
(26,13,'127.0.0.1','2019-08-24 22:53:37'),
(27,13,'127.0.0.1','2019-08-25 11:19:36'),
(28,13,'127.0.0.1','2019-08-25 13:57:01'),
(29,13,'127.0.0.1','2019-08-28 18:27:27'),
(30,13,'127.0.0.1','2019-09-10 23:14:17');

/*!40101 SET SQL_MODE=@OLD_SQL_MODE */;
/*!40014 SET FOREIGN_KEY_CHECKS=@OLD_FOREIGN_KEY_CHECKS */;
/*!40014 SET UNIQUE_CHECKS=@OLD_UNIQUE_CHECKS */;
/*!40111 SET SQL_NOTES=@OLD_SQL_NOTES */;
